raw_column,domain,source_system,source_text,data_type,semantic_type,contract_role,business_meaning,meaning_status,missing_pct,unique_count,constant_status,near_constant,n_observed_train,source_timestamp_field,availability_at_prediction_time,provenance_status,provenance_reason,rows_record_on_index_day,rows_record_after_index_day,used_in_extended_15,extended_15_features,efalls_concept,mapping_class,proposed_engineered_features,contract_note,null_means,final_discovery_eligibility
Customer_Full_ID,identifiers / technical keys,MEMBER_MASTER,"member master data (demographics, membership)",varchar(11),identifier,IDENTIFIER,"member identifier; used only for de-duplication / grouping, never a predictor, never printed",DOCUMENTED,computed on the work PC,computed on the work PC,computed on the work PC,computed on the work PC,computed on the work PC,,na,SAFE,"source MEMBER_MASTER: fixed member attribute or a value computed only from it and the index date (no event record); meaning DOCUMENTED (member identifier; used only for de-duplication / grouping, never a predictor, never printed)",computed on the work PC,computed on the work PC,False,,,FORBIDDEN,,member id -> research_id (string); never a predictor; never printed by the audit,,INELIGIBLE_FORBIDDEN
Index_Date,cohort / eligibility,VIEW_TECHNICAL,VIEW technical keys and versioning,date,date,COHORT_ELIGIBILITY,prediction date of the snapshot (prediction happens at the start of this day),DOCUMENTED,computed on the work PC,computed on the work PC,computed on the work PC,computed on the work PC,computed on the work PC,,at_index,UNRESOLVED,source VIEW_TECHNICAL: technical / cohort bookkeeping source - an index-day record can neither be proven nor excluded,computed on the work PC,computed on the work PC,False,,,NON_PREDICTIVE_METADATA,,prediction point -> index_date; one snapshot selected per build (--index-date),,NON_PREDICTIVE_METADATA
Snapshot_Key,identifiers / technical keys,VIEW_TECHNICAL,VIEW technical keys and versioning,varchar(20),identifier,IDENTIFIER,technical row key of the snapshot row; never printed,DOCUMENTED,computed on the work PC,computed on the work PC,computed on the work PC,computed on the work PC,computed on the work PC,,na,UNRESOLVED,source VIEW_TECHNICAL: technical / cohort bookkeeping source - an index-day record can neither be proven nor excluded,computed on the work PC,computed on the work PC,False,,,FORBIDDEN,,technical row key; string; never a predictor,,INELIGIBLE_FORBIDDEN
Customer_Id_Type_Prefix,identifiers / technical keys,MEMBER_MASTER,"member master data (demographics, membership)",varchar(1),quality_control,QA_CONTROL,identifier-type digit of the member id (control field),DOCUMENTED,computed on the work PC,computed on the work PC,computed on the work PC,computed on the work PC,computed on the work PC,,na,SAFE,source MEMBER_MASTER: fixed member attribute or a value computed only from it and the index date (no event record); meaning DOCUMENTED (identifier-type digit of the member id (control field)),computed on the work PC,computed on the work PC,False,,,NON_PREDICTIVE_METADATA,,id-type digit (control),,NON_PREDICTIVE_METADATA
Definition_Version,data-quality / provenance,VIEW_TECHNICAL,VIEW technical keys and versioning,varchar(20),quality_control,QA_CONTROL,version of the VIEW definition that produced the row (expected constant V1.0),DOCUMENTED,computed on the work PC,computed on the work PC,computed on the work PC,computed on the work PC,computed on the work PC,,na,UNRESOLVED,source VIEW_TECHNICAL: technical / cohort bookkeeping source - an index-day record can neither be proven nor excluded,computed on the work PC,computed on the work PC,False,,,NON_PREDICTIVE_METADATA,,VIEW definition version; must be constant; recorded as provenance,,NON_PREDICTIVE_METADATA
Observed_History_Days,cohort / eligibility,COHORT_DEFINITION,cohort / eligibility logic of the VIEW,int,count,COHORT_ELIGIBILITY,days of history observed before Index_Date (difference from Available_History_Days not documented),NAME_ONLY,computed on the work PC,computed on the work PC,computed on the work PC,computed on the work PC,computed on the work PC,,at_index,UNRESOLVED,source COHORT_DEFINITION: technical / cohort bookkeeping source - an index-day record can neither be proven nor excluded,computed on the work PC,computed on the work PC,False,,,NON_PREDICTIVE_METADATA,,history depth available at index (eligibility support),,NON_PREDICTIVE_METADATA
Has_Full_365D_Lookback,cohort / eligibility,COHORT_DEFINITION,cohort / eligibility logic of the VIEW,int,binary,COHORT_ELIGIBILITY,1 = a full 365-day look-back window exists before Index_Date,NAME_ONLY,computed on the work PC,computed on the work PC,computed on the work PC,computed on the work PC,computed on the work PC,,at_index,UNRESOLVED,source COHORT_DEFINITION: technical / cohort bookkeeping source - an index-day record can neither be proven nor excluded,computed on the work PC,computed on the work PC,False,,,NON_PREDICTIVE_METADATA,,,,NON_PREDICTIVE_METADATA
Has_Full_30D_Label,follow-up / censoring,FOLLOWUP,"follow-up, death and membership-leave sources (post-index)",int,binary,COHORT_ELIGIBILITY,1 = the 30-day label window is complete (post-index knowledge),DOCUMENTED,computed on the work PC,computed on the work PC,computed on the work PC,computed on the work PC,computed on the work PC,,post_index,UNSAFE,contract timing post_index (known only after the prediction time),computed on the work PC,computed on the work PC,False,,,FORBIDDEN,,label-window completeness (post-index knowledge),,INELIGIBLE_FORBIDDEN
Has_Full_180D_Label,follow-up / censoring,FOLLOWUP,"follow-up, death and membership-leave sources (post-index)",int,binary,COHORT_ELIGIBILITY,1 = the 180-day label window is complete (post-index knowledge),DOCUMENTED,computed on the work PC,computed on the work PC,computed on the work PC,computed on the work PC,computed on the work PC,,post_index,UNSAFE,contract timing post_index (known only after the prediction time),computed on the work PC,computed on the work PC,False,,,FORBIDDEN,,label-window completeness (post-index knowledge),,INELIGIBLE_FORBIDDEN
Is_Eligible_Cohort,cohort / eligibility,COHORT_DEFINITION,cohort / eligibility logic of the VIEW,int,binary,COHORT_ELIGIBILITY,1 = row belongs to the study cohort (the only cohort filter applied before training),DOCUMENTED,computed on the work PC,computed on the work PC,computed on the work PC,computed on the work PC,computed on the work PC,,at_index,UNRESOLVED,source COHORT_DEFINITION: technical / cohort bookkeeping source - an index-day record can neither be proven nor excluded,computed on the work PC,computed on the work PC,False,,,NON_PREDICTIVE_METADATA,,THE cohort filter (= 1); the only filter applied before training,,NON_PREDICTIVE_METADATA
Exclusion_Reason,cohort / eligibility,COHORT_DEFINITION,cohort / eligibility logic of the VIEW,varchar(38),categorical,COHORT_ELIGIBILITY,reason a row is not eligible (NULL = eligible),DOCUMENTED,computed on the work PC,computed on the work PC,computed on the work PC,computed on the work PC,computed on the work PC,,at_index,UNRESOLVED,source COHORT_DEFINITION: technical / cohort bookkeeping source - an index-day record can neither be proven nor excluded,computed on the work PC,computed on the work PC,False,,,NON_PREDICTIVE_METADATA,,audit reports the distribution among excluded rows,eligible,NON_PREDICTIVE_METADATA
Population_Record_From_Date,data-quality / provenance,POPULATION_SCD,population SCD table (membership validity rows),date,date,QA_CONTROL,validity start of the population SCD row,DOCUMENTED,computed on the work PC,computed on the work PC,computed on the work PC,computed on the work PC,computed on the work PC,,at_index,UNRESOLVED,source POPULATION_SCD: technical / cohort bookkeeping source - an index-day record can neither be proven nor excluded,computed on the work PC,computed on the work PC,False,,,NON_PREDICTIVE_METADATA,,SCD validity start,,NON_PREDICTIVE_METADATA
Population_Record_To_Date,data-quality / provenance,POPULATION_SCD,population SCD table (membership validity rows),date,date,QA_CONTROL,"validity end of the population SCD row (2999-12-31 = open-ended, Q-M-08)",DOCUMENTED,computed on the work PC,computed on the work PC,computed on the work PC,computed on the work PC,computed on the work PC,,unknown,UNRESOLVED,contract timing unknown (not confirmed by data engineering),computed on the work PC,computed on the work PC,False,,,NON_PREDICTIVE_METADATA,,SCD validity end; may be set after index; 2999-12-31 is kept as a date (never NULL); not used by the build,,NON_PREDICTIVE_METADATA
Population_Current_Ind,data-quality / provenance,POPULATION_SCD,population SCD table (membership validity rows),int,quality_control,QA_CONTROL,"1 = current SCD row (exposed by the VIEW, not used)",DOCUMENTED,computed on the work PC,computed on the work PC,computed on the work PC,computed on the work PC,computed on the work PC,,unknown,UNRESOLVED,contract timing unknown (not confirmed by data engineering),computed on the work PC,computed on the work PC,False,,,NON_PREDICTIVE_METADATA,,"exposed, not used (S2T)",,NON_PREDICTIVE_METADATA
Population_Record_Count,data-quality / provenance,POPULATION_SCD,population SCD table (membership validity rows),int,quality_control,QA_CONTROL,number of population SCD rows of the member,NAME_ONLY,computed on the work PC,computed on the work PC,computed on the work PC,computed on the work PC,computed on the work PC,,na,UNRESOLVED,source POPULATION_SCD: technical / cohort bookkeeping source - an index-day record can neither be proven nor excluded,computed on the work PC,computed on the work PC,False,,,NON_PREDICTIVE_METADATA,,,,NON_PREDICTIVE_METADATA
Multiple_Valid_Population_Rows_Ind,data-quality / provenance,POPULATION_SCD,population SCD table (membership validity rows),int,quality_control,QA_CONTROL,1 = several SCD rows valid at Index_Date (duplicate flag),DOCUMENTED,computed on the work PC,computed on the work PC,computed on the work PC,computed on the work PC,computed on the work PC,,na,UNRESOLVED,source POPULATION_SCD: technical / cohort bookkeeping source - an index-day record can neither be proven nor excluded,computed on the work PC,computed on the work PC,False,,,NON_PREDICTIVE_METADATA,,SCD duplicate flag; audit reports count,,NON_PREDICTIVE_METADATA
Obs_Window_Start,cohort / eligibility,COHORT_DEFINITION,cohort / eligibility logic of the VIEW,date,date,COHORT_ELIGIBILITY,start date of the observation (look-back) window,NAME_ONLY,computed on the work PC,computed on the work PC,computed on the work PC,computed on the work PC,computed on the work PC,,at_index,UNRESOLVED,source COHORT_DEFINITION: technical / cohort bookkeeping source - an index-day record can neither be proven nor excluded,computed on the work PC,computed on the work PC,False,,,NON_PREDICTIVE_METADATA,,,,NON_PREDICTIVE_METADATA
Label_End_30D,outcomes,LABELS,outcome labels (post-index),date,date,LABEL,last day of the 30-day outcome window,DOCUMENTED,computed on the work PC,computed on the work PC,computed on the work PC,computed on the work PC,computed on the work PC,,at_index,UNSAFE,source LABELS holds follow-up / outcome information,computed on the work PC,computed on the work PC,False,,,FORBIDDEN,,"end of the 30-day label window (defines the outcome window, not a feature)",,INELIGIBLE_FORBIDDEN
Label_End_180D,outcomes,LABELS,outcome labels (post-index),date,date,LABEL,last day of the 180-day outcome window (Index_Date + 180 days),DOCUMENTED,computed on the work PC,computed on the work PC,computed on the work PC,computed on the work PC,computed on the work PC,,at_index,UNSAFE,source LABELS holds follow-up / outcome information,computed on the work PC,computed on the work PC,False,,,FORBIDDEN,,end of the 180-day label window; adapter checks Next_Fall_Date_180D <= Label_End_180D and the window length,,INELIGIBLE_FORBIDDEN
Is_Active_For_Modeling,cohort / eligibility,COHORT_DEFINITION,cohort / eligibility logic of the VIEW,int,binary,COHORT_ELIGIBILITY,1 = row active for modelling (relation to Is_Eligible_Cohort not documented),NAME_ONLY,computed on the work PC,computed on the work PC,computed on the work PC,computed on the work PC,computed on the work PC,,at_index,UNRESOLVED,source COHORT_DEFINITION: technical / cohort bookkeeping source - an index-day record can neither be proven nor excluded,computed on the work PC,computed on the work PC,False,,,NON_PREDICTIVE_METADATA,,,,NON_PREDICTIVE_METADATA
Index_Date_Status,cohort / eligibility,COHORT_DEFINITION,cohort / eligibility logic of the VIEW,varchar(38),categorical,COHORT_ELIGIBILITY,status label of the snapshot / index date (levels not documented),NAME_ONLY,computed on the work PC,computed on the work PC,computed on the work PC,computed on the work PC,computed on the work PC,,at_index,UNRESOLVED,source COHORT_DEFINITION: technical / cohort bookkeeping source - an index-day record can neither be proven nor excluded,computed on the work PC,computed on the work PC,False,,,NON_PREDICTIVE_METADATA,,,,NON_PREDICTIVE_METADATA
Age_At_Index,demographics,MEMBER_MASTER,"member master data (demographics, membership)",int,continuous,EFALLS_BASELINE_FEATURE,age in completed years at Index_Date,DOCUMENTED,computed on the work PC,computed on the work PC,computed on the work PC,computed on the work PC,computed on the work PC,,at_index,SAFE,source MEMBER_MASTER: fixed member attribute or a value computed only from it and the index date (no event record); meaning DOCUMENTED (age in completed years at Index_Date),computed on the work PC,computed on the work PC,True,age_years,age_years,EFALLS_HIGH_CONFIDENCE,,completed years at index -> age_years; Birth_Date_Suspect_Ind flags default birth dates (10.5%),invalid row (age is mandatory; build fails),IN_BASELINE_15
Age_Group,demographics,MEMBER_MASTER,"member master data (demographics, membership)",varchar(5),categorical,QA_CONTROL,age band derived from Age_At_Index (redundant banding),DOCUMENTED,computed on the work PC,computed on the work PC,computed on the work PC,computed on the work PC,computed on the work PC,,at_index,SAFE,source MEMBER_MASTER: fixed member attribute or a value computed only from it and the index date (no event record); meaning DOCUMENTED (age band derived from Age_At_Index (redundant banding)),computed on the work PC,computed on the work PC,False,,,NON_PREDICTIVE_METADATA,,redundant banding of Age_At_Index; not a predictor (age enters continuously),,NON_PREDICTIVE_METADATA
Birth_Date_Suspect_Ind,demographics,MEMBER_MASTER,"member master data (demographics, membership)",int,quality_control,QA_CONTROL,"1 = birth date is a default value, so the age is unreliable",DOCUMENTED,computed on the work PC,computed on the work PC,computed on the work PC,computed on the work PC,computed on the work PC,,at_index,SAFE,"source MEMBER_MASTER: fixed member attribute or a value computed only from it and the index date (no event record); meaning DOCUMENTED (1 = birth date is a default value, so the age is unreliable)",computed on the work PC,computed on the work PC,False,,,NON_PREDICTIVE_METADATA,,"1 = default birth date, age unreliable; kept in the primary cohort (only filter = Is_Eligible_Cohort), reported, sensitivity analysis excludes",,NON_PREDICTIVE_METADATA
Gender_Code,demographics,MEMBER_MASTER,"member master data (demographics, membership)",smallint,categorical,EFALLS_BASELINE_FEATURE,"sex code (1 = male per the example row; 2 = female to confirm, Q-M-05)",DOCUMENTED,computed on the work PC,computed on the work PC,computed on the work PC,computed on the work PC,computed on the work PC,,at_index,SAFE,"source MEMBER_MASTER: fixed member attribute or a value computed only from it and the index date (no event record); meaning DOCUMENTED (sex code (1 = male per the example row; 2 = female to confirm, Q-M-05))",computed on the work PC,computed on the work PC,True,sex,sex,EFALLS_HIGH_CONFIDENCE,,"1 = male (example row: 1/זכר), 2 = female (to confirm via Gender_Desc cross-tab in the audit)",invalid row (sex is mandatory; build fails),IN_BASELINE_15
Gender_Desc,demographics,MEMBER_MASTER,"member master data (demographics, membership)",varchar(7),categorical,QA_CONTROL,text label of Gender_Code,DOCUMENTED,computed on the work PC,computed on the work PC,computed on the work PC,computed on the work PC,computed on the work PC,,at_index,SAFE,source MEMBER_MASTER: fixed member attribute or a value computed only from it and the index date (no event record); meaning DOCUMENTED (text label of Gender_Code),computed on the work PC,computed on the work PC,False,,,NON_PREDICTIVE_METADATA,,label of Gender_Code; adapter verifies one description per code,,NON_PREDICTIVE_METADATA
Available_History_Days,cohort / eligibility,MEMBER_MASTER,"member master data (demographics, membership)",int,count,COHORT_ELIGIBILITY,membership days until Index_Date,DOCUMENTED,computed on the work PC,computed on the work PC,computed on the work PC,computed on the work PC,computed on the work PC,,at_index,SAFE,source MEMBER_MASTER: fixed member attribute or a value computed only from it and the index date (no event record); meaning DOCUMENTED (membership days until Index_Date),computed on the work PC,computed on the work PC,False,,,NON_PREDICTIVE_METADATA,,membership days until index (eligibility support; HMO_Seniority_Months is the feature form),,NON_PREDICTIVE_METADATA
Has_Minimum_History,cohort / eligibility,COHORT_DEFINITION,cohort / eligibility logic of the VIEW,int,binary,COHORT_ELIGIBILITY,1 = the minimum membership history required by the cohort definition exists (threshold not documented),NAME_ONLY,computed on the work PC,computed on the work PC,computed on the work PC,computed on the work PC,computed on the work PC,,at_index,UNRESOLVED,source COHORT_DEFINITION: technical / cohort bookkeeping source - an index-day record can neither be proven nor excluded,computed on the work PC,computed on the work PC,False,,,NON_PREDICTIVE_METADATA,,,,NON_PREDICTIVE_METADATA
HMO_Seniority_Months,demographics,MEMBER_MASTER,"member master data (demographics, membership)",int,count,MEUHEDET_ENHANCED_FEATURE,months of HMO membership at Index_Date,NAME_ONLY,computed on the work PC,computed on the work PC,computed on the work PC,computed on the work PC,computed on the work PC,,at_index,computed on the work PC,,computed on the work PC,computed on the work PC,False,,,MEUHEDET_NATIVE,util_hmo_seniority_months,,unknown seniority (missing indicator),DATA-DEPENDENT: ELIGIBLE_EXPLORATORY (no record date: timing unverifiable) unless empty/constant
Followup_End_Date,follow-up / censoring,FOLLOWUP,"follow-up, death and membership-leave sources (post-index)",date,date,COHORT_ELIGIBILITY,"end of follow-up (NULL or 2999-12-31 = still open, Q-M-09); post-index",DOCUMENTED,computed on the work PC,computed on the work PC,computed on the work PC,computed on the work PC,computed on the work PC,,post_index,UNSAFE,contract timing post_index (known only after the prediction time),computed on the work PC,computed on the work PC,False,,,FORBIDDEN,,"censoring support -> followup_end_date metadata; post-index, never a predictor. The raw/contract layer keeps 2999-12-31; the canonical followup_end_date is NULL for those rows, which is this column's declared value for an open follow-up, so no censoring or follow-up-duration calculation can read the sentinel as an end date in the year 2999. Every conversion is counted in the build report (sentinel_to_null) and warned about. Censoring of the label itself comes from Fall_Next_180D_Ind / Label_Reason_180D and Is_Censored_180D, never from this date.",follow-up open,INELIGIBLE_FORBIDDEN
Followup_End_Reason,follow-up / censoring,FOLLOWUP,"follow-up, death and membership-leave sources (post-index)",varchar(10),categorical,COHORT_ELIGIBILITY,reason follow-up ended (censoring reason; post-index),DOCUMENTED,computed on the work PC,computed on the work PC,computed on the work PC,computed on the work PC,computed on the work PC,,post_index,UNSAFE,contract timing post_index (known only after the prediction time),computed on the work PC,computed on the work PC,False,,,FORBIDDEN,,censoring reason; post-index,,INELIGIBLE_FORBIDDEN
Has_Full_Followup_30D,follow-up / censoring,FOLLOWUP,"follow-up, death and membership-leave sources (post-index)",int,binary,COHORT_ELIGIBILITY,1 = followed up for the whole 30 days,NAME_ONLY,computed on the work PC,computed on the work PC,computed on the work PC,computed on the work PC,computed on the work PC,,post_index,UNSAFE,contract timing post_index (known only after the prediction time),computed on the work PC,computed on the work PC,False,,,FORBIDDEN,,,,INELIGIBLE_FORBIDDEN
Has_Full_Followup_180D,follow-up / censoring,FOLLOWUP,"follow-up, death and membership-leave sources (post-index)",int,binary,COHORT_ELIGIBILITY,1 = followed up for the whole 180 days,NAME_ONLY,computed on the work PC,computed on the work PC,computed on the work PC,computed on the work PC,computed on the work PC,,post_index,UNSAFE,contract timing post_index (known only after the prediction time),computed on the work PC,computed on the work PC,False,,,FORBIDDEN,,,,INELIGIBLE_FORBIDDEN
Is_Censored_30D,follow-up / censoring,FOLLOWUP,"follow-up, death and membership-leave sources (post-index)",int,binary,COHORT_ELIGIBILITY,1 = censored within the 30-day window,NAME_ONLY,computed on the work PC,computed on the work PC,computed on the work PC,computed on the work PC,computed on the work PC,,post_index,UNSAFE,contract timing post_index (known only after the prediction time),computed on the work PC,computed on the work PC,False,,,FORBIDDEN,,,,INELIGIBLE_FORBIDDEN
Is_Censored_180D,follow-up / censoring,FOLLOWUP,"follow-up, death and membership-leave sources (post-index)",int,binary,COHORT_ELIGIBILITY,1 = censored within the 180-day window,NAME_ONLY,computed on the work PC,computed on the work PC,computed on the work PC,computed on the work PC,computed on the work PC,,post_index,UNSAFE,contract timing post_index (known only after the prediction time),computed on the work PC,computed on the work PC,False,,,FORBIDDEN,,,,INELIGIBLE_FORBIDDEN
Is_Deceased_Ind,follow-up / censoring,FOLLOWUP,"follow-up, death and membership-leave sources (post-index)",int,binary,COHORT_ELIGIBILITY,1 = death after Index_Date (censoring information; post-index),DOCUMENTED,computed on the work PC,computed on the work PC,computed on the work PC,computed on the work PC,computed on the work PC,,post_index,UNSAFE,contract timing post_index (known only after the prediction time),computed on the work PC,computed on the work PC,False,,,FORBIDDEN,,death after index (censoring); eFalls keeps deaths as non-events (D-18),,INELIGIBLE_FORBIDDEN
Leave_Join_Ind,follow-up / censoring,FOLLOWUP,"follow-up, death and membership-leave sources (post-index)",int,categorical,COHORT_ELIGIBILITY,raw membership leave/join code (code values not documented),UNKNOWN,computed on the work PC,computed on the work PC,computed on the work PC,computed on the work PC,computed on the work PC,,post_index,UNSAFE,contract timing post_index (known only after the prediction time),computed on the work PC,computed on the work PC,False,,,FORBIDDEN,,raw leave code (post-index membership change),,INELIGIBLE_FORBIDDEN
Death_Identification_Status,follow-up / censoring,FOLLOWUP,"follow-up, death and membership-leave sources (post-index)",varchar(18),quality_control,QA_CONTROL,status of the death identification (levels not documented),UNKNOWN,computed on the work PC,computed on the work PC,computed on the work PC,computed on the work PC,computed on the work PC,,post_index,UNSAFE,contract timing post_index (known only after the prediction time),computed on the work PC,computed on the work PC,False,,,FORBIDDEN,,,,INELIGIBLE_FORBIDDEN
Death_Censor_Date,follow-up / censoring,FOLLOWUP,"follow-up, death and membership-leave sources (post-index)",date,date,COHORT_ELIGIBILITY,date of death used for censoring (post-index),DOCUMENTED,computed on the work PC,computed on the work PC,computed on the work PC,computed on the work PC,computed on the work PC,,post_index,UNSAFE,contract timing post_index (known only after the prediction time),computed on the work PC,computed on the work PC,False,,,FORBIDDEN,,-> death_date metadata,,INELIGIBLE_FORBIDDEN
Death_Date_Gap_Days,data-quality / provenance,FOLLOWUP,"follow-up, death and membership-leave sources (post-index)",int,quality_control,QA_CONTROL,gap in days between death-date sources (definition not documented),UNKNOWN,computed on the work PC,computed on the work PC,computed on the work PC,computed on the work PC,computed on the work PC,,post_index,UNSAFE,contract timing post_index (known only after the prediction time),computed on the work PC,computed on the work PC,False,,,FORBIDDEN,,,,INELIGIBLE_FORBIDDEN
Abroad_Ind,follow-up / censoring,MEMBER_MASTER,"member master data (demographics, membership)",bit,binary,FORBIDDEN_LEAKAGE,stay abroad flag; its as-of timing is not defined (forbidden until confirmed pre-index),DOCUMENTED,computed on the work PC,computed on the work PC,computed on the work PC,computed on the work PC,computed on the work PC,,unknown,UNSAFE,role FORBIDDEN_LEAKAGE in the contract (never available as a predictor),computed on the work PC,computed on the work PC,False,,,FORBIDDEN,,stay abroad; as-of timing not defined in the S2T -> forbidden until data engineering confirms it is pre-index,,INELIGIBLE_FORBIDDEN
Prior_Fall_Count_30D,prior falls,FALL_EVENTS,"fall / fracture events (Meuhedet event list V1.0, Q-M-06)",int,count,MEUHEDET_ENHANCED_FEATURE,number of fall AND fracture events in the 30 days before Index_Date,DOCUMENTED,computed on the work PC,computed on the work PC,computed on the work PC,computed on the work PC,computed on the work PC,Last_Fall_Date,pre_index,computed on the work PC,,computed on the work PC,computed on the work PC,False,,,MEUHEDET_NATIVE,falls_count_30d,falls AND fractures (Meuhedet event list V1.0),,DATA-DEPENDENT: ELIGIBLE if every record date is before the index day and every recorded value has a date (ELIGIBLE_EXPLORATORY if some values lack a date; INELIGIBLE_UNSAFE if any date is on/after the index day); INELIGIBLE_DATA if empty/constant
Prior_Fall_Count_90D,prior falls,FALL_EVENTS,"fall / fracture events (Meuhedet event list V1.0, Q-M-06)",int,count,MEUHEDET_ENHANCED_FEATURE,number of fall/fracture events in the 90 days before Index_Date,DOCUMENTED,computed on the work PC,computed on the work PC,computed on the work PC,computed on the work PC,computed on the work PC,Last_Fall_Date,pre_index,computed on the work PC,,computed on the work PC,computed on the work PC,False,,,MEUHEDET_NATIVE,falls_count_90d,,,DATA-DEPENDENT: ELIGIBLE if every record date is before the index day and every recorded value has a date (ELIGIBLE_EXPLORATORY if some values lack a date; INELIGIBLE_UNSAFE if any date is on/after the index day); INELIGIBLE_DATA if empty/constant
Prior_Fall_Count_180D,prior falls,FALL_EVENTS,"fall / fracture events (Meuhedet event list V1.0, Q-M-06)",int,count,MEUHEDET_ENHANCED_FEATURE,number of fall/fracture events in the 180 days before Index_Date,DOCUMENTED,computed on the work PC,computed on the work PC,computed on the work PC,computed on the work PC,computed on the work PC,Last_Fall_Date,pre_index,computed on the work PC,,computed on the work PC,computed on the work PC,False,,,MEUHEDET_NATIVE,falls_count_180d,,,DATA-DEPENDENT: ELIGIBLE if every record date is before the index day and every recorded value has a date (ELIGIBLE_EXPLORATORY if some values lack a date; INELIGIBLE_UNSAFE if any date is on/after the index day); INELIGIBLE_DATA if empty/constant
Prior_Fall_Count_365D,prior falls,FALL_EVENTS,"fall / fracture events (Meuhedet event list V1.0, Q-M-06)",int,count,MEUHEDET_ENHANCED_FEATURE,number of fall/fracture events in the 365 days before Index_Date,DOCUMENTED,computed on the work PC,computed on the work PC,computed on the work PC,computed on the work PC,computed on the work PC,Last_Fall_Date,pre_index,computed on the work PC,,computed on the work PC,computed on the work PC,False,,fracture,MEUHEDET_NATIVE,falls_count_365d,,,DATA-DEPENDENT: ELIGIBLE if every record date is before the index day and every recorded value has a date (ELIGIBLE_EXPLORATORY if some values lack a date; INELIGIBLE_UNSAFE if any date is on/after the index day); INELIGIBLE_DATA if empty/constant
Prior_Fall_Since_Study_Start_Ind,prior falls,FALL_EVENTS,"fall / fracture events (Meuhedet event list V1.0, Q-M-06)",int,binary,EFALLS_BASELINE_FEATURE,"1 = any fall/fracture event since 2022-01-01 (eFalls 'falls', APPROXIMATE)",DOCUMENTED,computed on the work PC,computed on the work PC,computed on the work PC,computed on the work PC,computed on the work PC,Last_Fall_Date,pre_index,SAFE,Last_Fall_Date (DOCUMENTED record date of FALL_EVENTS) is before the index day on every row of PHASE2_TRAIN_VALIDATION,computed on the work PC,computed on the work PC,True,falls,falls,EFALLS_APPROXIMATE,,-> falls (APPROXIMATE): any fall/fracture event since 2022-01-01 (<= 3 years at 2025-01-01 vs eFalls 5 years),,IN_BASELINE_15
Prior_Fall_Count_Since_Study_Start,prior falls,FALL_EVENTS,"fall / fracture events (Meuhedet event list V1.0, Q-M-06)",int,count,MEUHEDET_ENHANCED_FEATURE,number of fall/fracture events since 2022-01-01 (NULL = no fall data),DOCUMENTED,computed on the work PC,computed on the work PC,computed on the work PC,computed on the work PC,computed on the work PC,Last_Fall_Date,pre_index,computed on the work PC,,computed on the work PC,computed on the work PC,False,,,MEUHEDET_NATIVE,falls_count_since_start,,no fall data (Prior_Fall_Missing_Ind),DATA-DEPENDENT: ELIGIBLE if every record date is before the index day and every recorded value has a date (ELIGIBLE_EXPLORATORY if some values lack a date; INELIGIBLE_UNSAFE if any date is on/after the index day); INELIGIBLE_DATA if empty/constant
Last_Fall_Date,prior falls,FALL_EVENTS,"fall / fracture events (Meuhedet event list V1.0, Q-M-06)",date,date,MEUHEDET_ENHANCED_FEATURE,date of the last fall/fracture record the VIEW used (D-00 timing evidence),DOCUMENTED,computed on the work PC,computed on the work PC,computed on the work PC,computed on the work PC,computed on the work PC,Last_Fall_Date,pre_index,SAFE,Last_Fall_Date (DOCUMENTED record date of FALL_EVENTS) is before the index day on every row of PHASE2_TRAIN_VALIDATION,computed on the work PC,computed on the work PC,False,,,MEUHEDET_NATIVE,,raw date never enters a model; Days_Since_Last_Fall is the derived feature; used for the D-00 timing check,no prior fall,RECORD_DATE
Days_Since_Last_Fall,prior falls,FALL_EVENTS,"fall / fracture events (Meuhedet event list V1.0, Q-M-06)",int,continuous,MEUHEDET_ENHANCED_FEATURE,days from the last fall/fracture record to Index_Date (NULL = no prior fall),DOCUMENTED,computed on the work PC,computed on the work PC,computed on the work PC,computed on the work PC,computed on the work PC,Last_Fall_Date,pre_index,computed on the work PC,,computed on the work PC,computed on the work PC,False,,,MEUHEDET_NATIVE,falls_days_since_last,,no prior fall (missing indicator + training-derived imputation),DATA-DEPENDENT: ELIGIBLE if every record date is before the index day and every recorded value has a date (ELIGIBLE_EXPLORATORY if some values lack a date; INELIGIBLE_UNSAFE if any date is on/after the index day); INELIGIBLE_DATA if empty/constant
Last_Fall_Confidence,prior falls,FALL_EVENTS,"fall / fracture events (Meuhedet event list V1.0, Q-M-06)",varchar(6),quality_control,QA_CONTROL,date certainty of the last fall (levels not documented),DOCUMENTED,computed on the work PC,computed on the work PC,computed on the work PC,computed on the work PC,computed on the work PC,Last_Fall_Date,pre_index,SAFE,Last_Fall_Date (DOCUMENTED record date of FALL_EVENTS) is before the index day on every row of PHASE2_TRAIN_VALIDATION,computed on the work PC,computed on the work PC,False,,,NON_PREDICTIVE_METADATA,,date certainty of the last fall,,NON_PREDICTIVE_METADATA
Fall_On_Index_Date_Ind,prior falls,FALL_EVENTS,"fall / fracture events (Meuhedet event list V1.0, Q-M-06)",int,binary,FORBIDDEN_LEAKAGE,1 = a fall event on Index_Date itself (lies in the outcome window; forbidden),DOCUMENTED,computed on the work PC,computed on the work PC,computed on the work PC,computed on the work PC,computed on the work PC,Last_Fall_Date,at_index,UNSAFE,role FORBIDDEN_LEAKAGE in the contract (never available as a predictor),computed on the work PC,computed on the work PC,False,,,FORBIDDEN,,an index-day event lies in the outcome window (D-00: index_date <= event); audit cross-tabulates it with the labels and prior counts,,INELIGIBLE_FORBIDDEN
Prior_Fall_Missing_Ind,data-quality / provenance,FALL_EVENTS,"fall / fracture events (Meuhedet event list V1.0, Q-M-06)",int,quality_control,QA_CONTROL,"1 = no fall records at all (source absent), distinct from 0 falls",DOCUMENTED,computed on the work PC,computed on the work PC,computed on the work PC,computed on the work PC,computed on the work PC,Last_Fall_Date,pre_index,SAFE,Last_Fall_Date (DOCUMENTED record date of FALL_EVENTS) is before the index day on every row of PHASE2_TRAIN_VALIDATION,computed on the work PC,computed on the work PC,False,,,NON_PREDICTIVE_METADATA,,"1 = no fall records at all (source absent) - distinct from 0 falls; counted by the adapter, eFalls absent_is_zero applied explicitly",,NON_PREDICTIVE_METADATA
Diagnosis_Count_180D,diagnoses / comorbidity,DIAGNOSES,diagnosis records,int,count,MEUHEDET_ENHANCED_FEATURE,number of diagnosis records in the 180 days before Index_Date,NAME_ONLY,computed on the work PC,computed on the work PC,computed on the work PC,computed on the work PC,computed on the work PC,Last_Dx_Date,pre_index,computed on the work PC,,computed on the work PC,computed on the work PC,False,,,MEUHEDET_NATIVE,com_dx_count_180d,,,DATA-DEPENDENT: ELIGIBLE if every record date is before the index day and every recorded value has a date (ELIGIBLE_EXPLORATORY if some values lack a date; INELIGIBLE_UNSAFE if any date is on/after the index day); INELIGIBLE_DATA if empty/constant
Diagnosis_Count_365D,diagnoses / comorbidity,DIAGNOSES,diagnosis records,int,count,MEUHEDET_ENHANCED_FEATURE,number of diagnosis records in the 365 days before Index_Date,NAME_ONLY,computed on the work PC,computed on the work PC,computed on the work PC,computed on the work PC,computed on the work PC,Last_Dx_Date,pre_index,computed on the work PC,,computed on the work PC,computed on the work PC,False,,,MEUHEDET_NATIVE,com_dx_count_365d,,,DATA-DEPENDENT: ELIGIBLE if every record date is before the index day and every recorded value has a date (ELIGIBLE_EXPLORATORY if some values lack a date; INELIGIBLE_UNSAFE if any date is on/after the index day); INELIGIBLE_DATA if empty/constant
Distinct_Diagnosis_Codes_365D,diagnoses / comorbidity,DIAGNOSES,diagnosis records,int,count,MEUHEDET_ENHANCED_FEATURE,number of distinct diagnosis codes in 365 days (morbidity-burden proxy),DOCUMENTED,computed on the work PC,computed on the work PC,computed on the work PC,computed on the work PC,computed on the work PC,Last_Dx_Date,pre_index,computed on the work PC,,computed on the work PC,computed on the work PC,False,,,MEUHEDET_NATIVE,com_distinct_dx_365d,morbidity-burden proxy,,DATA-DEPENDENT: ELIGIBLE if every record date is before the index day and every recorded value has a date (ELIGIBLE_EXPLORATORY if some values lack a date; INELIGIBLE_UNSAFE if any date is on/after the index day); INELIGIBLE_DATA if empty/constant
Chronic_Diagnosis_Count_365D,diagnoses / comorbidity,DIAGNOSES,diagnosis records,int,count,MEUHEDET_ENHANCED_FEATURE,number of chronic diagnoses in 365 days (chronic code list not documented),NAME_ONLY,computed on the work PC,computed on the work PC,computed on the work PC,computed on the work PC,computed on the work PC,Last_Dx_Date,pre_index,computed on the work PC,,computed on the work PC,computed on the work PC,False,,,MEUHEDET_NATIVE,com_chronic_dx_365d,,,DATA-DEPENDENT: ELIGIBLE if every record date is before the index day and every recorded value has a date (ELIGIBLE_EXPLORATORY if some values lack a date; INELIGIBLE_UNSAFE if any date is on/after the index day); INELIGIBLE_DATA if empty/constant
Gait_Disorder_Since_Study_Start_Ind,mobility,DIAGNOSES,diagnosis records,int,binary,EFALLS_BASELINE_FEATURE,"1 = ICD-9 719.7 difficulty in walking diagnosed since 2022-01-01 (eFalls 'mobility_problems', APPROXIMATE)",DOCUMENTED,computed on the work PC,computed on the work PC,computed on the work PC,computed on the work PC,computed on the work PC,Last_Dx_Date,pre_index,SAFE,Last_Dx_Date (DOCUMENTED record date of DIAGNOSES) is before the index day on every row of PHASE2_TRAIN_VALIDATION,computed on the work PC,computed on the work PC,True,mobility_problems,mobility_problems,EFALLS_APPROXIMATE,,-> mobility_problems (APPROXIMATE): ICD-9 719.7 difficulty in walking since 2022-01-01 (single code vs eFalls mobility/transfer code group),,IN_BASELINE_15
Last_Dx_Date,diagnoses / comorbidity,DIAGNOSES,diagnosis records,date,date,MEUHEDET_ENHANCED_FEATURE,date of the last diagnosis record the VIEW used (D-00 timing evidence),DOCUMENTED,computed on the work PC,computed on the work PC,computed on the work PC,computed on the work PC,computed on the work PC,Last_Dx_Date,pre_index,SAFE,Last_Dx_Date (DOCUMENTED record date of DIAGNOSES) is before the index day on every row of PHASE2_TRAIN_VALIDATION,computed on the work PC,computed on the work PC,False,,,MEUHEDET_NATIVE,,D-00 timing check only,,RECORD_DATE
Days_Since_Last_Diagnosis,diagnoses / comorbidity,DIAGNOSES,diagnosis records,int,continuous,MEUHEDET_ENHANCED_FEATURE,days from the last diagnosis record to Index_Date (NULL = no diagnosis),NAME_ONLY,computed on the work PC,computed on the work PC,computed on the work PC,computed on the work PC,computed on the work PC,Last_Dx_Date,pre_index,computed on the work PC,,computed on the work PC,computed on the work PC,False,,,MEUHEDET_NATIVE,com_days_since_last_dx,,no diagnosis recorded,DATA-DEPENDENT: ELIGIBLE if every record date is before the index day and every recorded value has a date (ELIGIBLE_EXPLORATORY if some values lack a date; INELIGIBLE_UNSAFE if any date is on/after the index day); INELIGIBLE_DATA if empty/constant
Visit_Count_30D,visits,VISITS,visit records,int,count,MEUHEDET_ENHANCED_FEATURE,number of visits in the 30 days before Index_Date (visit types not documented),NAME_ONLY,computed on the work PC,computed on the work PC,computed on the work PC,computed on the work PC,computed on the work PC,Last_Visit_Date,pre_index,computed on the work PC,,computed on the work PC,computed on the work PC,False,,,MEUHEDET_NATIVE,util_visits_30d,,,DATA-DEPENDENT: ELIGIBLE if every record date is before the index day and every recorded value has a date (ELIGIBLE_EXPLORATORY if some values lack a date; INELIGIBLE_UNSAFE if any date is on/after the index day); INELIGIBLE_DATA if empty/constant
Visit_Count_90D,visits,VISITS,visit records,int,count,MEUHEDET_ENHANCED_FEATURE,number of visits in the 90 days before Index_Date,NAME_ONLY,computed on the work PC,computed on the work PC,computed on the work PC,computed on the work PC,computed on the work PC,Last_Visit_Date,pre_index,computed on the work PC,,computed on the work PC,computed on the work PC,False,,,MEUHEDET_NATIVE,util_visits_90d,,,DATA-DEPENDENT: ELIGIBLE if every record date is before the index day and every recorded value has a date (ELIGIBLE_EXPLORATORY if some values lack a date; INELIGIBLE_UNSAFE if any date is on/after the index day); INELIGIBLE_DATA if empty/constant
Visit_Count_180D,visits,VISITS,visit records,int,count,MEUHEDET_ENHANCED_FEATURE,number of visits in the 180 days before Index_Date,NAME_ONLY,computed on the work PC,computed on the work PC,computed on the work PC,computed on the work PC,computed on the work PC,Last_Visit_Date,pre_index,computed on the work PC,,computed on the work PC,computed on the work PC,False,,,MEUHEDET_NATIVE,util_visits_180d,,,DATA-DEPENDENT: ELIGIBLE if every record date is before the index day and every recorded value has a date (ELIGIBLE_EXPLORATORY if some values lack a date; INELIGIBLE_UNSAFE if any date is on/after the index day); INELIGIBLE_DATA if empty/constant
Visit_Count_365D,visits,VISITS,visit records,int,count,MEUHEDET_ENHANCED_FEATURE,number of visits in the 365 days before Index_Date,NAME_ONLY,computed on the work PC,computed on the work PC,computed on the work PC,computed on the work PC,computed on the work PC,Last_Visit_Date,pre_index,computed on the work PC,,computed on the work PC,computed on the work PC,False,,,MEUHEDET_NATIVE,util_visits_365d,,,DATA-DEPENDENT: ELIGIBLE if every record date is before the index day and every recorded value has a date (ELIGIBLE_EXPLORATORY if some values lack a date; INELIGIBLE_UNSAFE if any date is on/after the index day); INELIGIBLE_DATA if empty/constant
Last_Visit_Date,visits,VISITS,visit records,date,date,MEUHEDET_ENHANCED_FEATURE,date of the last visit record (D-00 timing evidence),DOCUMENTED,computed on the work PC,computed on the work PC,computed on the work PC,computed on the work PC,computed on the work PC,Last_Visit_Date,pre_index,SAFE,Last_Visit_Date (DOCUMENTED record date of VISITS) is before the index day on every row of PHASE2_TRAIN_VALIDATION,computed on the work PC,computed on the work PC,False,,,MEUHEDET_NATIVE,,D-00 timing check only,,RECORD_DATE
Days_Since_Last_Visit,visits,VISITS,visit records,int,continuous,MEUHEDET_ENHANCED_FEATURE,days from the last visit to Index_Date (NULL = no visit),NAME_ONLY,computed on the work PC,computed on the work PC,computed on the work PC,computed on the work PC,computed on the work PC,Last_Visit_Date,pre_index,computed on the work PC,,computed on the work PC,computed on the work PC,False,,,MEUHEDET_NATIVE,util_days_since_last_visit,,no visit recorded,DATA-DEPENDENT: ELIGIBLE if every record date is before the index day and every recorded value has a date (ELIGIBLE_EXPLORATORY if some values lack a date; INELIGIBLE_UNSAFE if any date is on/after the index day); INELIGIBLE_DATA if empty/constant
Rx_Written_365D,medications,PRESCRIPTIONS,prescriptions written / purchased,int,count,MEUHEDET_ENHANCED_FEATURE,prescriptions written in the 365 days before Index_Date,NAME_ONLY,computed on the work PC,computed on the work PC,computed on the work PC,computed on the work PC,computed on the work PC,,pre_index,computed on the work PC,,computed on the work PC,computed on the work PC,False,,,MEUHEDET_NATIVE,med_rx_written_365d,,no medication data,DATA-DEPENDENT: ELIGIBLE_EXPLORATORY (no record date: timing unverifiable) unless empty/constant
Rx_Purchased_365D,medications,PRESCRIPTIONS,prescriptions written / purchased,int,count,MEUHEDET_ENHANCED_FEATURE,prescriptions purchased in the 365 days before Index_Date,NAME_ONLY,computed on the work PC,computed on the work PC,computed on the work PC,computed on the work PC,computed on the work PC,,pre_index,computed on the work PC,,computed on the work PC,computed on the work PC,False,,,MEUHEDET_NATIVE,med_rx_purchased_365d,,no medication data,DATA-DEPENDENT: ELIGIBLE_EXPLORATORY (no record date: timing unverifiable) unless empty/constant
Prescription_Fill_Ratio_365D,medications,PRESCRIPTIONS,prescriptions written / purchased,"decimal(21,15)",continuous,MEUHEDET_ENHANCED_FEATURE,share of written prescriptions that were purchased (NULL = none written),NAME_ONLY,computed on the work PC,computed on the work PC,computed on the work PC,computed on the work PC,computed on the work PC,,pre_index,computed on the work PC,,computed on the work PC,computed on the work PC,False,,medication_management,MEUHEDET_NATIVE,med_fill_ratio_365d,,no prescriptions written (ratio undefined),DATA-DEPENDENT: ELIGIBLE_EXPLORATORY (no record date: timing unverifiable) unless empty/constant
Lab_Referred_365D,labs,LABS,laboratory referrals / tests performed,int,count,MEUHEDET_ENHANCED_FEATURE,laboratory referrals in the 365 days before Index_Date,NAME_ONLY,computed on the work PC,computed on the work PC,computed on the work PC,computed on the work PC,computed on the work PC,,pre_index,computed on the work PC,,computed on the work PC,computed on the work PC,False,,,MEUHEDET_NATIVE,util_lab_referred_365d,,,DATA-DEPENDENT: ELIGIBLE_EXPLORATORY (no record date: timing unverifiable) unless empty/constant
Lab_Performed_365D,labs,LABS,laboratory referrals / tests performed,int,count,MEUHEDET_ENHANCED_FEATURE,laboratory tests performed in the 365 days before Index_Date,NAME_ONLY,computed on the work PC,computed on the work PC,computed on the work PC,computed on the work PC,computed on the work PC,,pre_index,computed on the work PC,,computed on the work PC,computed on the work PC,False,,,MEUHEDET_NATIVE,util_lab_performed_365d,,,DATA-DEPENDENT: ELIGIBLE_EXPLORATORY (no record date: timing unverifiable) unless empty/constant
Lab_Performed_Ratio_365D,labs,LABS,laboratory referrals / tests performed,"decimal(21,15)",continuous,MEUHEDET_ENHANCED_FEATURE,share of referred tests that were performed (NULL = no referral),NAME_ONLY,computed on the work PC,computed on the work PC,computed on the work PC,computed on the work PC,computed on the work PC,,pre_index,computed on the work PC,,computed on the work PC,computed on the work PC,False,,,MEUHEDET_NATIVE,util_lab_performed_ratio,,no referrals (ratio undefined),DATA-DEPENDENT: ELIGIBLE_EXPLORATORY (no record date: timing unverifiable) unless empty/constant
Unsettled_Visit_Counter_Ind,data-quality / provenance,VISITS,visit records,int,quality_control,QA_CONTROL,1 = visit counters still inside the 3-day settlement period (train/serve skew diagnostic),DOCUMENTED,computed on the work PC,computed on the work PC,computed on the work PC,computed on the work PC,computed on the work PC,Last_Visit_Date,at_index,SAFE,Last_Visit_Date (DOCUMENTED record date of VISITS) is before the index day on every row of PHASE2_TRAIN_VALIDATION,computed on the work PC,computed on the work PC,False,,,NON_PREDICTIVE_METADATA,,3-day settlement trap (train/serve skew diagnostic),,NON_PREDICTIVE_METADATA
Falls_Risk_Assessment_Score,nursing assessments,NURSE_FALLS_RISK_999_52,nurse falls-risk assessment form 999.52,int,ordinal,MEUHEDET_ENHANCED_FEATURE,nurse falls-risk score 1-3 (scale anchors not documented; NULL = not assessed),NAME_ONLY,computed on the work PC,computed on the work PC,computed on the work PC,computed on the work PC,computed on the work PC,Falls_Risk_Assessment_Date,pre_index,computed on the work PC,,computed on the work PC,computed on the work PC,False,,,MEUHEDET_NATIVE,nfr_fallrisk_score,,not assessed (missing category),DATA-DEPENDENT: ELIGIBLE if every record date is before the index day and every recorded value has a date (ELIGIBLE_EXPLORATORY if some values lack a date; INELIGIBLE_UNSAFE if any date is on/after the index day); INELIGIBLE_DATA if empty/constant
Falls_Risk_Assessment_Date,nursing assessments,NURSE_FALLS_RISK_999_52,nurse falls-risk assessment form 999.52,date,date,MEUHEDET_ENHANCED_FEATURE,date of the falls-risk assessment (D-00 timing evidence),DOCUMENTED,computed on the work PC,computed on the work PC,computed on the work PC,computed on the work PC,computed on the work PC,Falls_Risk_Assessment_Date,pre_index,SAFE,Falls_Risk_Assessment_Date (DOCUMENTED record date of NURSE_FALLS_RISK_999_52) is before the index day on every row of PHASE2_TRAIN_VALIDATION,computed on the work PC,computed on the work PC,False,,,MEUHEDET_NATIVE,form_nurse_fallrisk_assessed; nfr_fallrisk_days_since,D-00 timing check only,,RECORD_DATE
Fall_Self_Report_Value,prior falls,NURSE_FALLS_RISK_999_52,nurse falls-risk assessment form 999.52,int,categorical,MEUHEDET_ENHANCED_FEATURE,self-reported fall answer code (code semantics to confirm),UNKNOWN,computed on the work PC,computed on the work PC,computed on the work PC,computed on the work PC,computed on the work PC,Fall_Self_Report_Date,pre_index,UNRESOLVED,"no on/after-index Fall_Self_Report_Date in PHASE2_TRAIN_VALIDATION, but its meaning is NAME_ONLY (bound not documented)",computed on the work PC,computed on the work PC,False,,,MEUHEDET_NATIVE,,code semantics to confirm (audit distribution),not asked,NEEDS_SME
Fall_Self_Report_Date,prior falls,NURSE_FALLS_RISK_999_52,nurse falls-risk assessment form 999.52,date,date,MEUHEDET_ENHANCED_FEATURE,date of the fall self-report answer,NAME_ONLY,computed on the work PC,computed on the work PC,computed on the work PC,computed on the work PC,computed on the work PC,Fall_Self_Report_Date,pre_index,UNRESOLVED,"no on/after-index Fall_Self_Report_Date in PHASE2_TRAIN_VALIDATION, but its meaning is NAME_ONLY (bound not documented)",computed on the work PC,computed on the work PC,False,,,MEUHEDET_NATIVE,,,,RECORD_DATE
Fall_Count_Self_Reported,prior falls,NURSE_FALLS_RISK_999_52,nurse falls-risk assessment form 999.52,"decimal(18,4)",quality_control,QA_CONTROL,self-reported number of falls (empty in all rows per S2T),DOCUMENTED,computed on the work PC,computed on the work PC,computed on the work PC,computed on the work PC,computed on the work PC,Falls_Risk_Assessment_Date,pre_index,SAFE,Falls_Risk_Assessment_Date (DOCUMENTED record date of NURSE_FALLS_RISK_999_52) is before the index day on every row of PHASE2_TRAIN_VALIDATION,computed on the work PC,computed on the work PC,False,,,NON_PREDICTIVE_METADATA,,empty in all rows (S2T); audit verifies,,NON_PREDICTIVE_METADATA
Fall_Required_Treatment_Ind,prior falls,NURSE_FALLS_RISK_999_52,nurse falls-risk assessment form 999.52,int,binary,MEUHEDET_ENHANCED_FEATURE,1 = a reported fall required treatment (NULL = not assessed),NAME_ONLY,computed on the work PC,computed on the work PC,computed on the work PC,computed on the work PC,computed on the work PC,Falls_Risk_Assessment_Date,pre_index,computed on the work PC,,computed on the work PC,computed on the work PC,False,,,MEUHEDET_NATIVE,falls_required_treatment,,not assessed (missing indicator),DATA-DEPENDENT: ELIGIBLE if every record date is before the index day and every recorded value has a date (ELIGIBLE_EXPLORATORY if some values lack a date; INELIGIBLE_UNSAFE if any date is on/after the index day); INELIGIBLE_DATA if empty/constant
Instability_Dizziness_Ind,nursing assessments,NURSE_FALLS_RISK_999_52,nurse falls-risk assessment form 999.52,int,binary,MEUHEDET_ENHANCED_FEATURE,1 = instability / dizziness recorded by the nurse (NULL = not assessed),NAME_ONLY,computed on the work PC,computed on the work PC,computed on the work PC,computed on the work PC,computed on the work PC,Falls_Risk_Assessment_Date,pre_index,computed on the work PC,,computed on the work PC,computed on the work PC,False,,dizziness,EFALLS_APPROXIMATE,nfr_dizziness,"eFalls dizziness candidate for Phase 2 only (assessment-conditional, not absent_is_zero)",not assessed,DATA-DEPENDENT: ELIGIBLE if every record date is before the index day and every recorded value has a date (ELIGIBLE_EXPLORATORY if some values lack a date; INELIGIBLE_UNSAFE if any date is on/after the index day); INELIGIBLE_DATA if empty/constant
Fear_Of_Falling_Ind,nursing assessments,NURSE_FALLS_RISK_999_52,nurse falls-risk assessment form 999.52,int,binary,MEUHEDET_ENHANCED_FEATURE,1 = fear of falling recorded (NULL = not assessed),NAME_ONLY,computed on the work PC,computed on the work PC,computed on the work PC,computed on the work PC,computed on the work PC,Falls_Risk_Assessment_Date,pre_index,computed on the work PC,,computed on the work PC,computed on the work PC,False,,,MEUHEDET_NATIVE,nfr_fear_of_falling,,not assessed,DATA-DEPENDENT: ELIGIBLE if every record date is before the index day and every recorded value has a date (ELIGIBLE_EXPLORATORY if some values lack a date; INELIGIBLE_UNSAFE if any date is on/after the index day); INELIGIBLE_DATA if empty/constant
Confined_To_Chair_Bed_Ind,mobility,NURSE_FALLS_RISK_999_52,nurse falls-risk assessment form 999.52,int,binary,MEUHEDET_ENHANCED_FEATURE,1 = confined to chair or bed (NULL = not assessed),NAME_ONLY,computed on the work PC,computed on the work PC,computed on the work PC,computed on the work PC,computed on the work PC,Falls_Risk_Assessment_Date,pre_index,computed on the work PC,,computed on the work PC,computed on the work PC,False,,,MEUHEDET_NATIVE,func_confined_chair_bed,,not assessed,DATA-DEPENDENT: ELIGIBLE if every record date is before the index day and every recorded value has a date (ELIGIBLE_EXPLORATORY if some values lack a date; INELIGIBLE_UNSAFE if any date is on/after the index day); INELIGIBLE_DATA if empty/constant
Balance_Disorder_Ind,mobility,NURSE_GET_UP_AND_GO_999_79,nurse get-up-and-go assessment form 999.79,int,binary,MEUHEDET_ENHANCED_FEATURE,1 = balance disorder observed (NULL = not assessed),NAME_ONLY,computed on the work PC,computed on the work PC,computed on the work PC,computed on the work PC,computed on the work PC,Get_Up_And_Go_Date,pre_index,computed on the work PC,,computed on the work PC,computed on the work PC,False,,,MEUHEDET_NATIVE,func_balance_disorder; func_gait_any_abnormal,,not assessed,DATA-DEPENDENT: ELIGIBLE if every record date is before the index day and every recorded value has a date (ELIGIBLE_EXPLORATORY if some values lack a date; INELIGIBLE_UNSAFE if any date is on/after the index day); INELIGIBLE_DATA if empty/constant
Shuffling_Gait_Ind,mobility,NURSE_GET_UP_AND_GO_999_79,nurse get-up-and-go assessment form 999.79,int,binary,MEUHEDET_ENHANCED_FEATURE,1 = shuffling gait observed (NULL = not assessed),NAME_ONLY,computed on the work PC,computed on the work PC,computed on the work PC,computed on the work PC,computed on the work PC,Get_Up_And_Go_Date,pre_index,computed on the work PC,,computed on the work PC,computed on the work PC,False,,,MEUHEDET_NATIVE,func_shuffling_gait; func_gait_any_abnormal,,not assessed,DATA-DEPENDENT: ELIGIBLE if every record date is before the index day and every recorded value has a date (ELIGIBLE_EXPLORATORY if some values lack a date; INELIGIBLE_UNSAFE if any date is on/after the index day); INELIGIBLE_DATA if empty/constant
Hesitant_Gait_Ind,mobility,NURSE_GET_UP_AND_GO_999_79,nurse get-up-and-go assessment form 999.79,int,binary,MEUHEDET_ENHANCED_FEATURE,1 = hesitant gait observed (NULL = not assessed),NAME_ONLY,computed on the work PC,computed on the work PC,computed on the work PC,computed on the work PC,computed on the work PC,Get_Up_And_Go_Date,pre_index,computed on the work PC,,computed on the work PC,computed on the work PC,False,,,MEUHEDET_NATIVE,func_hesitant_gait; func_gait_any_abnormal,,not assessed,DATA-DEPENDENT: ELIGIBLE if every record date is before the index day and every recorded value has a date (ELIGIBLE_EXPLORATORY if some values lack a date; INELIGIBLE_UNSAFE if any date is on/after the index day); INELIGIBLE_DATA if empty/constant
Uses_Walking_Aid_Ind,mobility,NURSE_GET_UP_AND_GO_999_79,nurse get-up-and-go assessment form 999.79,int,binary,MEUHEDET_ENHANCED_FEATURE,1 = uses a walking aid (NULL = not assessed),NAME_ONLY,computed on the work PC,computed on the work PC,computed on the work PC,computed on the work PC,computed on the work PC,Get_Up_And_Go_Date,pre_index,computed on the work PC,,computed on the work PC,computed on the work PC,False,,,MEUHEDET_NATIVE,func_walking_aid,,not assessed,DATA-DEPENDENT: ELIGIBLE if every record date is before the index day and every recorded value has a date (ELIGIBLE_EXPLORATORY if some values lack a date; INELIGIBLE_UNSAFE if any date is on/after the index day); INELIGIBLE_DATA if empty/constant
Prior_Falls_Nurse_Ind,prior falls,NURSE_GET_UP_AND_GO_999_79,nurse get-up-and-go assessment form 999.79,int,binary,MEUHEDET_ENHANCED_FEATURE,1 = prior falls recorded by the nurse (look-back not documented; NULL = not assessed),NAME_ONLY,computed on the work PC,computed on the work PC,computed on the work PC,computed on the work PC,computed on the work PC,Get_Up_And_Go_Date,pre_index,computed on the work PC,,computed on the work PC,computed on the work PC,False,,,MEUHEDET_NATIVE,falls_nurse_reported,,not assessed,DATA-DEPENDENT: ELIGIBLE if every record date is before the index day and every recorded value has a date (ELIGIBLE_EXPLORATORY if some values lack a date; INELIGIBLE_UNSAFE if any date is on/after the index day); INELIGIBLE_DATA if empty/constant
Muscle_Weakness_Ind,functional status,NURSE_GET_UP_AND_GO_999_79,nurse get-up-and-go assessment form 999.79,int,binary,MEUHEDET_ENHANCED_FEATURE,1 = muscle weakness observed (NULL = not assessed),NAME_ONLY,computed on the work PC,computed on the work PC,computed on the work PC,computed on the work PC,computed on the work PC,Get_Up_And_Go_Date,pre_index,computed on the work PC,,computed on the work PC,computed on the work PC,False,,weakness,EFALLS_APPROXIMATE,func_muscle_weakness,eFalls weakness candidate for Phase 2 only,not assessed,DATA-DEPENDENT: ELIGIBLE if every record date is before the index day and every recorded value has a date (ELIGIBLE_EXPLORATORY if some values lack a date; INELIGIBLE_UNSAFE if any date is on/after the index day); INELIGIBLE_DATA if empty/constant
Cognitive_Impairment_Nurse_Ind,cognition,NURSE_GET_UP_AND_GO_999_79,nurse get-up-and-go assessment form 999.79,int,binary,MEUHEDET_ENHANCED_FEATURE,1 = cognitive impairment recorded by the nurse (NULL = not assessed),NAME_ONLY,computed on the work PC,computed on the work PC,computed on the work PC,computed on the work PC,computed on the work PC,Get_Up_And_Go_Date,pre_index,computed on the work PC,,computed on the work PC,computed on the work PC,False,,cognitive_impairment,EFALLS_APPROXIMATE,cog_nurse_impairment,eFalls cognitive_impairment candidate for Phase 2 only,not assessed,DATA-DEPENDENT: ELIGIBLE if every record date is before the index day and every recorded value has a date (ELIGIBLE_EXPLORATORY if some values lack a date; INELIGIBLE_UNSAFE if any date is on/after the index day); INELIGIBLE_DATA if empty/constant
On_Medications_Nurse_Ind,medications,NURSE_GET_UP_AND_GO_999_79,nurse get-up-and-go assessment form 999.79,int,binary,MEUHEDET_ENHANCED_FEATURE,nurse item about medications (which medications / what threshold not documented),UNKNOWN,computed on the work PC,computed on the work PC,computed on the work PC,computed on the work PC,computed on the work PC,Get_Up_And_Go_Date,pre_index,SAFE,Get_Up_And_Go_Date (DOCUMENTED record date of NURSE_GET_UP_AND_GO_999_79) is before the index day on every row of PHASE2_TRAIN_VALIDATION,computed on the work PC,computed on the work PC,False,,medication_management,MEUHEDET_NATIVE,,,not assessed,NEEDS_SME
Unsafe_Environment_Ind,home safety,NURSE_GET_UP_AND_GO_999_79,nurse get-up-and-go assessment form 999.79,int,binary,MEUHEDET_ENHANCED_FEATURE,1 = unsafe environment recorded (NULL = not assessed),NAME_ONLY,computed on the work PC,computed on the work PC,computed on the work PC,computed on the work PC,computed on the work PC,Get_Up_And_Go_Date,pre_index,computed on the work PC,,computed on the work PC,computed on the work PC,False,,environment_problems,EFALLS_APPROXIMATE,home_unsafe_environment,eFalls environment_problems candidate for Phase 2 only,not assessed,DATA-DEPENDENT: ELIGIBLE if every record date is before the index day and every recorded value has a date (ELIGIBLE_EXPLORATORY if some values lack a date; INELIGIBLE_UNSAFE if any date is on/after the index day); INELIGIBLE_DATA if empty/constant
Unsuitable_Footwear_Ind,home safety,NURSE_GET_UP_AND_GO_999_79,nurse get-up-and-go assessment form 999.79,int,binary,MEUHEDET_ENHANCED_FEATURE,1 = unsuitable footwear recorded (NULL = not assessed),NAME_ONLY,computed on the work PC,computed on the work PC,computed on the work PC,computed on the work PC,computed on the work PC,Get_Up_And_Go_Date,pre_index,computed on the work PC,,computed on the work PC,computed on the work PC,False,,,MEUHEDET_NATIVE,home_unsuitable_footwear,,not assessed,DATA-DEPENDENT: ELIGIBLE if every record date is before the index day and every recorded value has a date (ELIGIBLE_EXPLORATORY if some values lack a date; INELIGIBLE_UNSAFE if any date is on/after the index day); INELIGIBLE_DATA if empty/constant
Missing_Sensory_Aids_Ind,vision / hearing,NURSE_GET_UP_AND_GO_999_79,nurse get-up-and-go assessment form 999.79,int,binary,MEUHEDET_ENHANCED_FEATURE,1 = missing sensory aids (glasses / hearing aid) recorded (NULL = not assessed),NAME_ONLY,computed on the work PC,computed on the work PC,computed on the work PC,computed on the work PC,computed on the work PC,Get_Up_And_Go_Date,pre_index,computed on the work PC,,computed on the work PC,computed on the work PC,False,,hearing_impairment; visual_impairment,MEUHEDET_NATIVE,nfr_missing_sensory_aids,,not assessed,DATA-DEPENDENT: ELIGIBLE if every record date is before the index day and every recorded value has a date (ELIGIBLE_EXPLORATORY if some values lack a date; INELIGIBLE_UNSAFE if any date is on/after the index day); INELIGIBLE_DATA if empty/constant
Unsuitable_Bed_Chair_Height_Ind,home safety,NURSE_GET_UP_AND_GO_999_79,nurse get-up-and-go assessment form 999.79,int,binary,MEUHEDET_ENHANCED_FEATURE,1 = unsuitable bed/chair height recorded (NULL = not assessed),NAME_ONLY,computed on the work PC,computed on the work PC,computed on the work PC,computed on the work PC,computed on the work PC,Get_Up_And_Go_Date,pre_index,computed on the work PC,,computed on the work PC,computed on the work PC,False,,,MEUHEDET_NATIVE,home_unsuitable_bed_chair,,not assessed,DATA-DEPENDENT: ELIGIBLE if every record date is before the index day and every recorded value has a date (ELIGIBLE_EXPLORATORY if some values lack a date; INELIGIBLE_UNSAFE if any date is on/after the index day); INELIGIBLE_DATA if empty/constant
Vision_Impairment_Nurse_Ind,vision / hearing,NURSE_GET_UP_AND_GO_999_79,nurse get-up-and-go assessment form 999.79,int,binary,MEUHEDET_ENHANCED_FEATURE,1 = vision impairment recorded by the nurse (NULL = not assessed),NAME_ONLY,computed on the work PC,computed on the work PC,computed on the work PC,computed on the work PC,computed on the work PC,Get_Up_And_Go_Date,pre_index,computed on the work PC,,computed on the work PC,computed on the work PC,False,,visual_impairment,EFALLS_APPROXIMATE,nfr_vision_impairment,eFalls visual_impairment candidate for Phase 2 only,not assessed,DATA-DEPENDENT: ELIGIBLE if every record date is before the index day and every recorded value has a date (ELIGIBLE_EXPLORATORY if some values lack a date; INELIGIBLE_UNSAFE if any date is on/after the index day); INELIGIBLE_DATA if empty/constant
Orthostatic_Hypotension_Ind,nursing assessments,NURSE_GET_UP_AND_GO_999_79,nurse get-up-and-go assessment form 999.79,int,binary,MEUHEDET_ENHANCED_FEATURE,1 = orthostatic hypotension recorded (measurement protocol not documented; NULL = not assessed),NAME_ONLY,computed on the work PC,computed on the work PC,computed on the work PC,computed on the work PC,computed on the work PC,Get_Up_And_Go_Date,pre_index,computed on the work PC,,computed on the work PC,computed on the work PC,False,,hypotension_or_syncope,EFALLS_APPROXIMATE,nfr_orthostatic_hypotension,eFalls hypotension_or_syncope candidate for Phase 2 only,not assessed,DATA-DEPENDENT: ELIGIBLE if every record date is before the index day and every recorded value has a date (ELIGIBLE_EXPLORATORY if some values lack a date; INELIGIBLE_UNSAFE if any date is on/after the index day); INELIGIBLE_DATA if empty/constant
Polypharmacy_Nurse_Ind,medications,NURSE_GET_UP_AND_GO_999_79,nurse get-up-and-go assessment form 999.79,int,binary,MEUHEDET_ENHANCED_FEATURE,1 = polypharmacy recorded by the nurse (threshold not documented; NULL = not assessed),NAME_ONLY,computed on the work PC,computed on the work PC,computed on the work PC,computed on the work PC,computed on the work PC,Get_Up_And_Go_Date,pre_index,computed on the work PC,,computed on the work PC,computed on the work PC,False,,,MEUHEDET_NATIVE,med_nurse_polypharmacy,,not assessed,DATA-DEPENDENT: ELIGIBLE if every record date is before the index day and every recorded value has a date (ELIGIBLE_EXPLORATORY if some values lack a date; INELIGIBLE_UNSAFE if any date is on/after the index day); INELIGIBLE_DATA if empty/constant
No_Primary_Caregiver_Ind,social / socio-economic,NURSE_GET_UP_AND_GO_999_79,nurse get-up-and-go assessment form 999.79,int,binary,MEUHEDET_ENHANCED_FEATURE,1 = no primary caregiver recorded (NULL = not assessed),NAME_ONLY,computed on the work PC,computed on the work PC,computed on the work PC,computed on the work PC,computed on the work PC,Get_Up_And_Go_Date,pre_index,computed on the work PC,,computed on the work PC,computed on the work PC,False,,requirement_for_care; social_vulnerability,EFALLS_APPROXIMATE,soc_no_primary_caregiver,eFalls social_vulnerability/requirement_for_care candidate for Phase 2 only,not assessed,DATA-DEPENDENT: ELIGIBLE if every record date is before the index day and every recorded value has a date (ELIGIBLE_EXPLORATORY if some values lack a date; INELIGIBLE_UNSAFE if any date is on/after the index day); INELIGIBLE_DATA if empty/constant
Get_Up_And_Go_Date,nursing assessments,NURSE_GET_UP_AND_GO_999_79,nurse get-up-and-go assessment form 999.79,date,date,MEUHEDET_ENHANCED_FEATURE,date of the get-up-and-go assessment (D-00 timing evidence),DOCUMENTED,computed on the work PC,computed on the work PC,computed on the work PC,computed on the work PC,computed on the work PC,Get_Up_And_Go_Date,pre_index,SAFE,Get_Up_And_Go_Date (DOCUMENTED record date of NURSE_GET_UP_AND_GO_999_79) is before the index day on every row of PHASE2_TRAIN_VALIDATION,computed on the work PC,computed on the work PC,False,,,MEUHEDET_NATIVE,form_nurse_gug_assessed; func_gug_days_since,D-00 timing check only,,RECORD_DATE
ADL_Worst_Domain_Score,functional status,NURSE_FUNCTION_999_175,nurse function / mobility / senses assessment form 999.175,int,ordinal,MEUHEDET_ENHANCED_FEATURE,"worst activities-of-daily-living domain score, 0 independent .. 4 hoist (NULL = not assessed)",DOCUMENTED,computed on the work PC,computed on the work PC,computed on the work PC,computed on the work PC,computed on the work PC,Mobility_Assessment_Date,pre_index,computed on the work PC,,computed on the work PC,computed on the work PC,False,,activity_limitation; dressing_and_grooming_problems; toileting_problems; washing_and_bathing,EFALLS_APPROXIMATE,func_adl_worst,0 independent .. 4 hoist; eFalls ADL candidates (dressing/washing/toileting) Phase 2 only,not assessed (missing category),DATA-DEPENDENT: ELIGIBLE if every record date is before the index day and every recorded value has a date (ELIGIBLE_EXPLORATORY if some values lack a date; INELIGIBLE_UNSAFE if any date is on/after the index day); INELIGIBLE_DATA if empty/constant
ADL_Domains_Assessed,data-quality / provenance,NURSE_FUNCTION_999_175,nurse function / mobility / senses assessment form 999.175,int,quality_control,QA_CONTROL,number of ADL domains measured (assessment completeness),DOCUMENTED,computed on the work PC,computed on the work PC,computed on the work PC,computed on the work PC,computed on the work PC,Mobility_Assessment_Date,pre_index,SAFE,Mobility_Assessment_Date (DOCUMENTED record date of NURSE_FUNCTION_999_175) is before the index day on every row of PHASE2_TRAIN_VALIDATION,computed on the work PC,computed on the work PC,False,,,NON_PREDICTIVE_METADATA,,how many ADL domains were measured (assessment completeness),,NON_PREDICTIVE_METADATA
Transfer_Dependency_Score,mobility,NURSE_FUNCTION_999_175,nurse function / mobility / senses assessment form 999.175,int,ordinal,MEUHEDET_ENHANCED_FEATURE,transfer dependency score 0-4 (anchors not documented; NULL = not assessed),NAME_ONLY,computed on the work PC,computed on the work PC,computed on the work PC,computed on the work PC,computed on the work PC,Mobility_Assessment_Date,pre_index,computed on the work PC,,computed on the work PC,computed on the work PC,False,,activity_limitation,MEUHEDET_NATIVE,func_transfer_dependency,,not assessed (missing category),DATA-DEPENDENT: ELIGIBLE if every record date is before the index day and every recorded value has a date (ELIGIBLE_EXPLORATORY if some values lack a date; INELIGIBLE_UNSAFE if any date is on/after the index day); INELIGIBLE_DATA if empty/constant
Mobility_Score,mobility,NURSE_FUNCTION_999_175,nurse function / mobility / senses assessment form 999.175,int,ordinal,MEUHEDET_ENHANCED_FEATURE,"mobility score, 0 walks alone .. 3 confined (NULL = not assessed)",DOCUMENTED,computed on the work PC,computed on the work PC,computed on the work PC,computed on the work PC,computed on the work PC,Mobility_Assessment_Date,pre_index,computed on the work PC,,computed on the work PC,computed on the work PC,False,,,MEUHEDET_NATIVE,func_mobility_score,0 walks alone .. 3 confined,not assessed (missing category),DATA-DEPENDENT: ELIGIBLE if every record date is before the index day and every recorded value has a date (ELIGIBLE_EXPLORATORY if some values lack a date; INELIGIBLE_UNSAFE if any date is on/after the index day); INELIGIBLE_DATA if empty/constant
Vision_Score,vision / hearing,NURSE_FUNCTION_999_175,nurse function / mobility / senses assessment form 999.175,int,ordinal,MEUHEDET_ENHANCED_FEATURE,"vision score, 0 normal, 1 limited, 2 blindness (NULL = not assessed)",DOCUMENTED,computed on the work PC,computed on the work PC,computed on the work PC,computed on the work PC,computed on the work PC,Mobility_Assessment_Date,pre_index,computed on the work PC,,computed on the work PC,computed on the work PC,False,,visual_impairment,EFALLS_APPROXIMATE,nfr_vision_score,"0 normal, 1 limited, 2 blindness",not assessed (missing category),DATA-DEPENDENT: ELIGIBLE if every record date is before the index day and every recorded value has a date (ELIGIBLE_EXPLORATORY if some values lack a date; INELIGIBLE_UNSAFE if any date is on/after the index day); INELIGIBLE_DATA if empty/constant
Hearing_Score,vision / hearing,NURSE_FUNCTION_999_175,nurse function / mobility / senses assessment form 999.175,int,ordinal,MEUHEDET_ENHANCED_FEATURE,hearing score 0-2 (anchors not documented; NULL = not assessed),NAME_ONLY,computed on the work PC,computed on the work PC,computed on the work PC,computed on the work PC,computed on the work PC,Mobility_Assessment_Date,pre_index,computed on the work PC,,computed on the work PC,computed on the work PC,False,,hearing_impairment,EFALLS_APPROXIMATE,nfr_hearing_score,eFalls hearing_impairment candidate for Phase 2 only,not assessed (missing category),DATA-DEPENDENT: ELIGIBLE if every record date is before the index day and every recorded value has a date (ELIGIBLE_EXPLORATORY if some values lack a date; INELIGIBLE_UNSAFE if any date is on/after the index day); INELIGIBLE_DATA if empty/constant
Mobility_Assessment_Date,nursing assessments,NURSE_FUNCTION_999_175,nurse function / mobility / senses assessment form 999.175,date,date,MEUHEDET_ENHANCED_FEATURE,date of the function/mobility assessment (D-00 timing evidence),DOCUMENTED,computed on the work PC,computed on the work PC,computed on the work PC,computed on the work PC,computed on the work PC,Mobility_Assessment_Date,pre_index,SAFE,Mobility_Assessment_Date (DOCUMENTED record date of NURSE_FUNCTION_999_175) is before the index day on every row of PHASE2_TRAIN_VALIDATION,computed on the work PC,computed on the work PC,False,,,MEUHEDET_NATIVE,form_nurse_function_assessed; func_function_form_days_since,D-00 timing check only,,RECORD_DATE
MMSE_Score,cognition,NURSE_COGNITION,"nurse cognitive tests (MMSE, Mini-Cog)","decimal(18,4)",quality_control,QA_CONTROL,MMSE score (empty in all rows per S2T),DOCUMENTED,computed on the work PC,computed on the work PC,computed on the work PC,computed on the work PC,computed on the work PC,MMSE_Date,pre_index,UNRESOLVED,"no on/after-index MMSE_Date in PHASE2_TRAIN_VALIDATION, but its meaning is NAME_ONLY (bound not documented)",computed on the work PC,computed on the work PC,False,,,NON_PREDICTIVE_METADATA,,empty in all rows (S2T); audit verifies; would be COGNITION,,NON_PREDICTIVE_METADATA
MMSE_Date,cognition,NURSE_COGNITION,"nurse cognitive tests (MMSE, Mini-Cog)",date,date,QA_CONTROL,date of the MMSE test,NAME_ONLY,computed on the work PC,computed on the work PC,computed on the work PC,computed on the work PC,computed on the work PC,MMSE_Date,pre_index,UNRESOLVED,"no on/after-index MMSE_Date in PHASE2_TRAIN_VALIDATION, but its meaning is NAME_ONLY (bound not documented)",computed on the work PC,computed on the work PC,False,,,NON_PREDICTIVE_METADATA,,,,NON_PREDICTIVE_METADATA
MiniCog_Score,cognition,NURSE_COGNITION,"nurse cognitive tests (MMSE, Mini-Cog)","decimal(18,4)",ordinal,MEUHEDET_ENHANCED_FEATURE,Mini-Cog score 0-5 (NULL = not assessed),NAME_ONLY,computed on the work PC,computed on the work PC,computed on the work PC,computed on the work PC,computed on the work PC,MiniCog_Date,pre_index,computed on the work PC,,computed on the work PC,computed on the work PC,False,,cognitive_impairment; memory_concerns,EFALLS_APPROXIMATE,cog_minicog_score; cog_minicog_abnormal,,not assessed (missing category),DATA-DEPENDENT: ELIGIBLE if every record date is before the index day and every recorded value has a date (ELIGIBLE_EXPLORATORY if some values lack a date; INELIGIBLE_UNSAFE if any date is on/after the index day); INELIGIBLE_DATA if empty/constant
MiniCog_Date,cognition,NURSE_COGNITION,"nurse cognitive tests (MMSE, Mini-Cog)",date,date,MEUHEDET_ENHANCED_FEATURE,date of the Mini-Cog test (D-00 timing evidence),DOCUMENTED,computed on the work PC,computed on the work PC,computed on the work PC,computed on the work PC,computed on the work PC,MiniCog_Date,pre_index,SAFE,MiniCog_Date (DOCUMENTED record date of NURSE_COGNITION) is before the index day on every row of PHASE2_TRAIN_VALIDATION,computed on the work PC,computed on the work PC,False,,,MEUHEDET_NATIVE,form_minicog_assessed; cog_minicog_days_since,D-00 timing check only,,RECORD_DATE
Fall_Location_At_Home_Ind,home safety,NURSE_HOME_SAFETY_999_139,nurse home-safety questionnaire 999.139,int,binary,MEUHEDET_ENHANCED_FEATURE,1 = a fall happened at home (NULL = not asked / no fall),NAME_ONLY,computed on the work PC,computed on the work PC,computed on the work PC,computed on the work PC,computed on the work PC,Home_Safety_Assessment_Date,pre_index,computed on the work PC,,computed on the work PC,computed on the work PC,False,,,MEUHEDET_NATIVE,falls_at_home,,not asked / no fall,DATA-DEPENDENT: ELIGIBLE if every record date is before the index day and every recorded value has a date (ELIGIBLE_EXPLORATORY if some values lack a date; INELIGIBLE_UNSAFE if any date is on/after the index day); INELIGIBLE_DATA if empty/constant
Fall_Count_Home_Safety,home safety,NURSE_HOME_SAFETY_999_139,nurse home-safety questionnaire 999.139,"decimal(18,4)",quality_control,QA_CONTROL,number of falls in the home-safety questionnaire (empty in all rows per S2T),DOCUMENTED,computed on the work PC,computed on the work PC,computed on the work PC,computed on the work PC,computed on the work PC,Home_Safety_Assessment_Date,pre_index,UNSAFE,"Home_Safety_Assessment_Date is on/after the index day on 2 rows of PHASE2_TRAIN_VALIDATION (2 on the index day, 0 after): records the model may not see entered source NURSE_HOME_SAFETY_999_139 on those rows",computed on the work PC,computed on the work PC,False,,,NON_PREDICTIVE_METADATA,,empty in all rows (S2T); audit verifies,,NON_PREDICTIVE_METADATA
Orthostatic_BP_Measured_Ind,nursing assessments,NURSE_HOME_SAFETY_999_139,nurse home-safety questionnaire 999.139,int,binary,MEUHEDET_ENHANCED_FEATURE,orthostatic blood-pressure item (whether 1 = measured or 1 = abnormal is not documented),UNKNOWN,computed on the work PC,computed on the work PC,computed on the work PC,computed on the work PC,computed on the work PC,Home_Safety_Assessment_Date,pre_index,UNSAFE,"Home_Safety_Assessment_Date is on/after the index day on 2 rows of PHASE2_TRAIN_VALIDATION (2 on the index day, 0 after): records the model may not see entered source NURSE_HOME_SAFETY_999_139 on those rows",computed on the work PC,computed on the work PC,False,,hypotension_or_syncope,MEUHEDET_NATIVE,,,not assessed,NEEDS_SME
Slow_Rising_Ind,home safety,NURSE_HOME_SAFETY_999_139,nurse home-safety questionnaire 999.139,int,binary,MEUHEDET_ENHANCED_FEATURE,slow-rising item (observation or advice given - not documented),UNKNOWN,computed on the work PC,computed on the work PC,computed on the work PC,computed on the work PC,computed on the work PC,Home_Safety_Assessment_Date,pre_index,UNSAFE,"Home_Safety_Assessment_Date is on/after the index day on 2 rows of PHASE2_TRAIN_VALIDATION (2 on the index day, 0 after): records the model may not see entered source NURSE_HOME_SAFETY_999_139 on those rows",computed on the work PC,computed on the work PC,False,,,MEUHEDET_NATIVE,,,not assessed,NEEDS_SME
Vitamin_D_Ind,home safety,NURSE_HOME_SAFETY_999_139,nurse home-safety questionnaire 999.139,int,binary,MEUHEDET_ENHANCED_FEATURE,vitamin D item of the questionnaire (supplement taken / recommended - not documented),UNKNOWN,computed on the work PC,computed on the work PC,computed on the work PC,computed on the work PC,computed on the work PC,Home_Safety_Assessment_Date,pre_index,UNSAFE,"Home_Safety_Assessment_Date is on/after the index day on 2 rows of PHASE2_TRAIN_VALIDATION (2 on the index day, 0 after): records the model may not see entered source NURSE_HOME_SAFETY_999_139 on those rows",computed on the work PC,computed on the work PC,False,,,MEUHEDET_NATIVE,,,not assessed,NEEDS_SME
Home_Safety_Risk_Count,home safety,NURSE_HOME_SAFETY_999_139,nurse home-safety questionnaire 999.139,int,count,MEUHEDET_ENHANCED_FEATURE,number of home-safety risks recorded (NULL = not assessed),NAME_ONLY,computed on the work PC,computed on the work PC,computed on the work PC,computed on the work PC,computed on the work PC,Home_Safety_Assessment_Date,pre_index,computed on the work PC,,computed on the work PC,computed on the work PC,False,,environment_problems,MEUHEDET_NATIVE,home_safety_risk_count,,not assessed (missing indicator),DATA-DEPENDENT: ELIGIBLE if every record date is before the index day and every recorded value has a date (ELIGIBLE_EXPLORATORY if some values lack a date; INELIGIBLE_UNSAFE if any date is on/after the index day); INELIGIBLE_DATA if empty/constant
Home_Safety_Questions_Answered,data-quality / provenance,NURSE_HOME_SAFETY_999_139,nurse home-safety questionnaire 999.139,int,quality_control,QA_CONTROL,number of home-safety questions answered (questionnaire completeness),DOCUMENTED,computed on the work PC,computed on the work PC,computed on the work PC,computed on the work PC,computed on the work PC,Home_Safety_Assessment_Date,pre_index,UNSAFE,"Home_Safety_Assessment_Date is on/after the index day on 2 rows of PHASE2_TRAIN_VALIDATION (2 on the index day, 0 after): records the model may not see entered source NURSE_HOME_SAFETY_999_139 on those rows",computed on the work PC,computed on the work PC,False,,,NON_PREDICTIVE_METADATA,,questionnaire completeness,,NON_PREDICTIVE_METADATA
Home_Safety_Assessment_Date,home safety,NURSE_HOME_SAFETY_999_139,nurse home-safety questionnaire 999.139,date,date,MEUHEDET_ENHANCED_FEATURE,date of the home-safety assessment (D-00 timing evidence),DOCUMENTED,computed on the work PC,computed on the work PC,computed on the work PC,computed on the work PC,computed on the work PC,Home_Safety_Assessment_Date,pre_index,UNSAFE,"Home_Safety_Assessment_Date is on/after the index day on 2 rows of PHASE2_TRAIN_VALIDATION (2 on the index day, 0 after): records the model may not see entered source NURSE_HOME_SAFETY_999_139 on those rows",computed on the work PC,computed on the work PC,False,,,MEUHEDET_NATIVE,form_home_safety_assessed; home_safety_days_since,D-00 timing check only,,RECORD_DATE
Unmapped_Answer_Count,data-quality / provenance,NURSE_ASSESSMENT_SUMMARY,nurse assessments (all forms): counts and quality,int,quality_control,QA_CONTROL,number of assessment answers that could not be mapped,NAME_ONLY,computed on the work PC,computed on the work PC,computed on the work PC,computed on the work PC,computed on the work PC,Last_Assessment_Date,pre_index,SAFE,Last_Assessment_Date (DOCUMENTED record date of NURSE_ASSESSMENT_SUMMARY) is before the index day on every row of PHASE2_TRAIN_VALIDATION,computed on the work PC,computed on the work PC,False,,,NON_PREDICTIVE_METADATA,,,,NON_PREDICTIVE_METADATA
Assessment_Count_365D,nursing assessments,NURSE_ASSESSMENT_SUMMARY,nurse assessments (all forms): counts and quality,int,count,MEUHEDET_ENHANCED_FEATURE,number of nurse assessments in the 365 days before Index_Date (NULL = no source data),NAME_ONLY,computed on the work PC,computed on the work PC,computed on the work PC,computed on the work PC,computed on the work PC,Last_Assessment_Date,pre_index,computed on the work PC,,computed on the work PC,computed on the work PC,False,,,MEUHEDET_NATIVE,nfr_assessment_count_365d,,no assessment source data,DATA-DEPENDENT: ELIGIBLE if every record date is before the index day and every recorded value has a date (ELIGIBLE_EXPLORATORY if some values lack a date; INELIGIBLE_UNSAFE if any date is on/after the index day); INELIGIBLE_DATA if empty/constant
Last_Assessment_Date,nursing assessments,NURSE_ASSESSMENT_SUMMARY,nurse assessments (all forms): counts and quality,date,date,MEUHEDET_ENHANCED_FEATURE,date of the last nurse assessment (D-00 timing evidence),DOCUMENTED,computed on the work PC,computed on the work PC,computed on the work PC,computed on the work PC,computed on the work PC,Last_Assessment_Date,pre_index,SAFE,Last_Assessment_Date (DOCUMENTED record date of NURSE_ASSESSMENT_SUMMARY) is before the index day on every row of PHASE2_TRAIN_VALIDATION,computed on the work PC,computed on the work PC,False,,,MEUHEDET_NATIVE,,D-00 timing check only,,RECORD_DATE
Days_Since_Last_Assessment,nursing assessments,NURSE_ASSESSMENT_SUMMARY,nurse assessments (all forms): counts and quality,int,continuous,MEUHEDET_ENHANCED_FEATURE,days from the last nurse assessment to Index_Date (NULL = never assessed),NAME_ONLY,computed on the work PC,computed on the work PC,computed on the work PC,computed on the work PC,computed on the work PC,Last_Assessment_Date,pre_index,computed on the work PC,,computed on the work PC,computed on the work PC,False,,,MEUHEDET_NATIVE,nfr_days_since_last_assessment,,never assessed,DATA-DEPENDENT: ELIGIBLE if every record date is before the index day and every recorded value has a date (ELIGIBLE_EXPLORATORY if some values lack a date; INELIGIBLE_UNSAFE if any date is on/after the index day); INELIGIBLE_DATA if empty/constant
Distinct_Assessment_Dates_365D,nursing assessments,NURSE_ASSESSMENT_SUMMARY,nurse assessments (all forms): counts and quality,int,count,MEUHEDET_ENHANCED_FEATURE,number of distinct nurse-assessment dates in 365 days,NAME_ONLY,computed on the work PC,computed on the work PC,computed on the work PC,computed on the work PC,computed on the work PC,Last_Assessment_Date,pre_index,computed on the work PC,,computed on the work PC,computed on the work PC,False,,,MEUHEDET_NATIVE,nfr_distinct_assessment_dates_365d,,,DATA-DEPENDENT: ELIGIBLE if every record date is before the index day and every recorded value has a date (ELIGIBLE_EXPLORATORY if some values lack a date; INELIGIBLE_UNSAFE if any date is on/after the index day); INELIGIBLE_DATA if empty/constant
Has_Repeat_Assessment_Ind,nursing assessments,NURSE_ASSESSMENT_SUMMARY,nurse assessments (all forms): counts and quality,int,binary,MEUHEDET_ENHANCED_FEATURE,1 = more than one assessment (window not documented),NAME_ONLY,computed on the work PC,computed on the work PC,computed on the work PC,computed on the work PC,computed on the work PC,Last_Assessment_Date,pre_index,computed on the work PC,,computed on the work PC,computed on the work PC,False,,,MEUHEDET_NATIVE,nfr_repeat_assessment,,,DATA-DEPENDENT: ELIGIBLE if every record date is before the index day and every recorded value has a date (ELIGIBLE_EXPLORATORY if some values lack a date; INELIGIBLE_UNSAFE if any date is on/after the index day); INELIGIBLE_DATA if empty/constant
Assessment_Not_Performed_Ind,nursing assessments,NURSE_ASSESSMENT_SUMMARY,nurse assessments (all forms): counts and quality,int,binary,MEUHEDET_ENHANCED_FEATURE,1 = no nurse assessment performed (explicit not-assessed indicator of the nurse block),DOCUMENTED,computed on the work PC,computed on the work PC,computed on the work PC,computed on the work PC,computed on the work PC,Last_Assessment_Date,pre_index,computed on the work PC,,computed on the work PC,computed on the work PC,False,,,MEUHEDET_NATIVE,nfr_assessment_not_performed,explicit not-assessed indicator (clinical process information; the missing indicator of the nurse block),,DATA-DEPENDENT: ELIGIBLE if every record date is before the index day and every recorded value has a date (ELIGIBLE_EXPLORATORY if some values lack a date; INELIGIBLE_UNSAFE if any date is on/after the index day); INELIGIBLE_DATA if empty/constant
Distinct_Active_Substance_Count,medications,MEDICATION_EXPOSURE,medication exposure / dispensing (ATC-matched),int,count,EFALLS_BASELINE_FEATURE,"distinct active substances in active exposure at Index_Date (eFalls polypharmacy, APPROXIMATE; window Q-M-07)",DOCUMENTED,computed on the work PC,computed on the work PC,computed on the work PC,computed on the work PC,computed on the work PC,,pre_index,UNRESOLVED,source MEDICATION_EXPOSURE: no record date in the extract - an index-day record can neither be proven nor excluded,computed on the work PC,computed on the work PC,True,polypharmacy_count_120d,polypharmacy_count_120d,EFALLS_APPROXIMATE,,-> polypharmacy_count_120d (APPROXIMATE): distinct active substances in active exposure vs eFalls distinct BNF paragraphs prescribed in 120 days (D-03),no medication data (Medication_Missing_Ind = 1) -> eFalls absent_is_zero applied explicitly and counted,IN_BASELINE_15
Polypharmacy_5Plus_Ind,medications,MEDICATION_EXPOSURE,medication exposure / dispensing (ATC-matched),int,binary,MEUHEDET_ENHANCED_FEATURE,1 = five or more active substances (NULL = no medication data),NAME_ONLY,computed on the work PC,computed on the work PC,computed on the work PC,computed on the work PC,computed on the work PC,,pre_index,computed on the work PC,,computed on the work PC,computed on the work PC,False,,,MEUHEDET_NATIVE,med_polypharmacy_5plus,not used for eFalls: the published model uses the continuous count,no medication data,DATA-DEPENDENT: ELIGIBLE_EXPLORATORY (no record date: timing unverifiable) unless empty/constant
Polypharmacy_10Plus_Ind,medications,MEDICATION_EXPOSURE,medication exposure / dispensing (ATC-matched),int,binary,MEUHEDET_ENHANCED_FEATURE,1 = ten or more active substances (NULL = no medication data),NAME_ONLY,computed on the work PC,computed on the work PC,computed on the work PC,computed on the work PC,computed on the work PC,,pre_index,computed on the work PC,,computed on the work PC,computed on the work PC,False,,,MEUHEDET_NATIVE,med_polypharmacy_10plus,,no medication data,DATA-DEPENDENT: ELIGIBLE_EXPLORATORY (no record date: timing unverifiable) unless empty/constant
Narcotic_Drug_Count,medications,MEDICATION_EXPOSURE,medication exposure / dispensing (ATC-matched),int,count,MEUHEDET_ENHANCED_FEATURE,number of narcotic drugs (class definition and window not documented),NAME_ONLY,computed on the work PC,computed on the work PC,computed on the work PC,computed on the work PC,computed on the work PC,,pre_index,computed on the work PC,,computed on the work PC,computed on the work PC,False,,,MEUHEDET_NATIVE,med_narcotic_count; med_narcotic_any,,no medication data,DATA-DEPENDENT: ELIGIBLE_EXPLORATORY (no record date: timing unverifiable) unless empty/constant
Prescribed_Not_Collected_365D,medications,MEDICATION_EXPOSURE,medication exposure / dispensing (ATC-matched),int,count,MEUHEDET_ENHANCED_FEATURE,prescriptions not collected in 365 days,NAME_ONLY,computed on the work PC,computed on the work PC,computed on the work PC,computed on the work PC,computed on the work PC,,pre_index,computed on the work PC,,computed on the work PC,computed on the work PC,False,,,MEUHEDET_NATIVE,med_not_collected_365d,,no medication data,DATA-DEPENDENT: ELIGIBLE_EXPLORATORY (no record date: timing unverifiable) unless empty/constant
Credited_Prescriptions_365D,data-quality / provenance,MEDICATION_EXPOSURE,medication exposure / dispensing (ATC-matched),int,quality_control,QA_CONTROL,credited (reversed) prescriptions in 365 days,NAME_ONLY,computed on the work PC,computed on the work PC,computed on the work PC,computed on the work PC,computed on the work PC,,pre_index,UNRESOLVED,source MEDICATION_EXPOSURE: no record date in the extract - an index-day record can neither be proven nor excluded,computed on the work PC,computed on the work PC,False,,,NON_PREDICTIVE_METADATA,,,,NON_PREDICTIVE_METADATA
Approx_Matched_365D,data-quality / provenance,MEDICATION_EXPOSURE,medication exposure / dispensing (ATC-matched),int,quality_control,QA_CONTROL,records matched to ATC approximately (data quality),DOCUMENTED,computed on the work PC,computed on the work PC,computed on the work PC,computed on the work PC,computed on the work PC,,pre_index,UNRESOLVED,source MEDICATION_EXPOSURE: no record date in the extract - an index-day record can neither be proven nor excluded,computed on the work PC,computed on the work PC,False,,,NON_PREDICTIVE_METADATA,,approximate ATC matching count (data quality),,NON_PREDICTIVE_METADATA
Bought_Outside_Meuhedet_365D,medications,MEDICATION_EXPOSURE,medication exposure / dispensing (ATC-matched),int,count,MEUHEDET_ENHANCED_FEATURE,medications bought outside Meuhedet in 365 days,NAME_ONLY,computed on the work PC,computed on the work PC,computed on the work PC,computed on the work PC,computed on the work PC,,pre_index,computed on the work PC,,computed on the work PC,computed on the work PC,False,,,MEUHEDET_NATIVE,med_bought_outside_365d,,no medication data,DATA-DEPENDENT: ELIGIBLE_EXPLORATORY (no record date: timing unverifiable) unless empty/constant
Atc_Unmatched_365D,data-quality / provenance,MEDICATION_EXPOSURE,medication exposure / dispensing (ATC-matched),int,quality_control,QA_CONTROL,records without an ATC match (data quality),NAME_ONLY,computed on the work PC,computed on the work PC,computed on the work PC,computed on the work PC,computed on the work PC,,pre_index,UNRESOLVED,source MEDICATION_EXPOSURE: no record date in the extract - an index-day record can neither be proven nor excluded,computed on the work PC,computed on the work PC,False,,,NON_PREDICTIVE_METADATA,,,,NON_PREDICTIVE_METADATA
Future_Dated_365D,data-quality / provenance,MEDICATION_EXPOSURE,medication exposure / dispensing (ATC-matched),int,quality_control,QA_CONTROL,future-dated prescriptions (data-quality count),DOCUMENTED,computed on the work PC,computed on the work PC,computed on the work PC,computed on the work PC,computed on the work PC,,pre_index,UNRESOLVED,source MEDICATION_EXPOSURE: no record date in the extract - an index-day record can neither be proven nor excluded,computed on the work PC,computed on the work PC,False,,,NON_PREDICTIVE_METADATA,,future-dated prescriptions (data-quality count),,NON_PREDICTIVE_METADATA
Fallback_Exposure_365D,data-quality / provenance,MEDICATION_EXPOSURE,medication exposure / dispensing (ATC-matched),int,quality_control,QA_CONTROL,exposure windows that were assumed (data quality),DOCUMENTED,computed on the work PC,computed on the work PC,computed on the work PC,computed on the work PC,computed on the work PC,,pre_index,UNRESOLVED,source MEDICATION_EXPOSURE: no record date in the extract - an index-day record can neither be proven nor excluded,computed on the work PC,computed on the work PC,False,,,NON_PREDICTIVE_METADATA,,assumed exposure windows (data quality),,NON_PREDICTIVE_METADATA
Total_DDD_Amount,medications,MEDICATION_EXPOSURE,medication exposure / dispensing (ATC-matched),"decimal(38,4)",continuous,MEUHEDET_ENHANCED_FEATURE,total defined daily doses (window not documented),NAME_ONLY,computed on the work PC,computed on the work PC,computed on the work PC,computed on the work PC,computed on the work PC,,pre_index,computed on the work PC,,computed on the work PC,computed on the work PC,False,,,MEUHEDET_NATIVE,med_total_ddd,,no medication data,DATA-DEPENDENT: ELIGIBLE_EXPLORATORY (no record date: timing unverifiable) unless empty/constant
Medication_Missing_Ind,data-quality / provenance,MEDICATION_EXPOSURE,medication exposure / dispensing (ATC-matched),int,quality_control,QA_CONTROL,1 = no medication data for the member (source absent),DOCUMENTED,computed on the work PC,computed on the work PC,computed on the work PC,computed on the work PC,computed on the work PC,,pre_index,UNRESOLVED,source MEDICATION_EXPOSURE: no record date in the extract - an index-day record can neither be proven nor excluded,computed on the work PC,computed on the work PC,False,,,NON_PREDICTIVE_METADATA,,1 = no medication data; governs the explicit NULL -> 0 rule of polypharmacy_count_120d,,NON_PREDICTIVE_METADATA
External_Care_Count_30D,hospital / emergency utilisation,EXTERNAL_CARE_INVOICES,external-care invoices (billing lag),int,count,FORBIDDEN_LEAKAGE,external-care records in 30 days incl. records billed after Index_Date (retrospective; forbidden),DOCUMENTED,computed on the work PC,computed on the work PC,computed on the work PC,computed on the work PC,computed on the work PC,Last_Ext_Date,unknown,UNSAFE,role FORBIDDEN_LEAKAGE in the contract (never available as a predictor),computed on the work PC,computed on the work PC,False,,,FORBIDDEN,,counts records billed after the index date (S2T: hidden-by-billing-lag exists only for 365D); use the _Visible variant,,INELIGIBLE_FORBIDDEN
External_Care_Count_90D,hospital / emergency utilisation,EXTERNAL_CARE_INVOICES,external-care invoices (billing lag),int,count,FORBIDDEN_LEAKAGE,"as the 30-day count, 90 days (forbidden)",DOCUMENTED,computed on the work PC,computed on the work PC,computed on the work PC,computed on the work PC,computed on the work PC,Last_Ext_Date,unknown,UNSAFE,role FORBIDDEN_LEAKAGE in the contract (never available as a predictor),computed on the work PC,computed on the work PC,False,,,FORBIDDEN,,as External_Care_Count_30D,,INELIGIBLE_FORBIDDEN
External_Care_Count_180D,hospital / emergency utilisation,EXTERNAL_CARE_INVOICES,external-care invoices (billing lag),int,count,FORBIDDEN_LEAKAGE,"as the 30-day count, 180 days (forbidden)",DOCUMENTED,computed on the work PC,computed on the work PC,computed on the work PC,computed on the work PC,computed on the work PC,Last_Ext_Date,unknown,UNSAFE,role FORBIDDEN_LEAKAGE in the contract (never available as a predictor),computed on the work PC,computed on the work PC,False,,,FORBIDDEN,,as External_Care_Count_30D,,INELIGIBLE_FORBIDDEN
External_Care_Count_365D,hospital / emergency utilisation,EXTERNAL_CARE_INVOICES,external-care invoices (billing lag),int,count,FORBIDDEN_LEAKAGE,visible + hidden-by-billing-lag records in 365 days (retrospective; forbidden),DOCUMENTED,computed on the work PC,computed on the work PC,computed on the work PC,computed on the work PC,computed on the work PC,Last_Ext_Date,unknown,UNSAFE,role FORBIDDEN_LEAKAGE in the contract (never available as a predictor),computed on the work PC,computed on the work PC,False,,,FORBIDDEN,,= Visible + Hidden_By_Billing_Lag: includes records unknown at index (retrospective),,INELIGIBLE_FORBIDDEN
External_Care_Count_365D_Visible,hospital / emergency utilisation,EXTERNAL_CARE_INVOICES,external-care invoices (billing lag),int,count,MEUHEDET_ENHANCED_FEATURE,external-care records already billed at Index_Date (as-of correct),DOCUMENTED,computed on the work PC,computed on the work PC,computed on the work PC,computed on the work PC,computed on the work PC,Last_Ext_Date,at_index,computed on the work PC,,computed on the work PC,computed on the work PC,False,,,MEUHEDET_NATIVE,util_external_care_visible_365d,external-care records already billed at index (as-of correct),,DATA-DEPENDENT: ELIGIBLE if every record date is before the index day and every recorded value has a date (ELIGIBLE_EXPLORATORY if some values lack a date; INELIGIBLE_UNSAFE if any date is on/after the index day); INELIGIBLE_DATA if empty/constant
External_Care_Hidden_By_Billing_Lag_365D,data-quality / provenance,EXTERNAL_CARE_INVOICES,external-care invoices (billing lag),int,quality_control,QA_CONTROL,external-care records billed after Index_Date (train/serve skew diagnostic; post-index),DOCUMENTED,computed on the work PC,computed on the work PC,computed on the work PC,computed on the work PC,computed on the work PC,Last_Ext_Date,post_index,UNSAFE,contract timing post_index (known only after the prediction time),computed on the work PC,computed on the work PC,False,,,FORBIDDEN,,train/serve skew diagnostic (S2T); never a predictor,,INELIGIBLE_FORBIDDEN
Max_Invoice_Lag_365D,data-quality / provenance,EXTERNAL_CARE_INVOICES,external-care invoices (billing lag),int,quality_control,QA_CONTROL,largest billing lag in days (post-index knowledge),DOCUMENTED,computed on the work PC,computed on the work PC,computed on the work PC,computed on the work PC,computed on the work PC,Last_Ext_Date,post_index,UNSAFE,contract timing post_index (known only after the prediction time),computed on the work PC,computed on the work PC,False,,,FORBIDDEN,,billing lag in days; its upper quantiles set validation.outcome_lag_days,,INELIGIBLE_FORBIDDEN
Last_Ext_Date,hospital / emergency utilisation,EXTERNAL_CARE_INVOICES,external-care invoices (billing lag),datetime,date,FORBIDDEN_LEAKAGE,date of the last external-care record (may be billed after Index_Date; forbidden),DOCUMENTED,computed on the work PC,computed on the work PC,computed on the work PC,computed on the work PC,computed on the work PC,Last_Ext_Date,unknown,UNSAFE,role FORBIDDEN_LEAKAGE in the contract (never available as a predictor),computed on the work PC,computed on the work PC,False,,,FORBIDDEN,,may be a record billed after index,,INELIGIBLE_FORBIDDEN
Days_Since_Last_External_Care,hospital / emergency utilisation,EXTERNAL_CARE_INVOICES,external-care invoices (billing lag),int,continuous,FORBIDDEN_LEAKAGE,days since the last external-care record (may include hidden records; forbidden),DOCUMENTED,computed on the work PC,computed on the work PC,computed on the work PC,computed on the work PC,computed on the work PC,Last_Ext_Date,unknown,UNSAFE,role FORBIDDEN_LEAKAGE in the contract (never available as a predictor),computed on the work PC,computed on the work PC,False,,,FORBIDDEN,,derived from Last_Ext_Date (may include hidden records),,INELIGIBLE_FORBIDDEN
Hospitalization_Count_180D,hospital / emergency utilisation,HOSPITALISATIONS,"hospitalisation invoices (billing lag, no as-of variant)",int,count,MEUHEDET_ENHANCED_FEATURE,hospitalisations in 180 days (invoice-based; as-of semantics unconfirmed),DOCUMENTED,computed on the work PC,computed on the work PC,computed on the work PC,computed on the work PC,computed on the work PC,Last_Hosp_Date,unknown,UNRESOLVED,contract timing unknown (not confirmed by data engineering),computed on the work PC,computed on the work PC,False,,,MEUHEDET_NATIVE,,invoice-based; no as-of (visible) variant -> blocked until data engineering confirms as-of semantics,,INELIGIBLE_FORBIDDEN
Hospitalization_Count_365D,hospital / emergency utilisation,HOSPITALISATIONS,"hospitalisation invoices (billing lag, no as-of variant)",int,count,MEUHEDET_ENHANCED_FEATURE,hospitalisations in 365 days (invoice-based; as-of semantics unconfirmed),DOCUMENTED,computed on the work PC,computed on the work PC,computed on the work PC,computed on the work PC,computed on the work PC,Last_Hosp_Date,unknown,UNRESOLVED,contract timing unknown (not confirmed by data engineering),computed on the work PC,computed on the work PC,False,,,MEUHEDET_NATIVE,,as Hospitalization_Count_180D,,INELIGIBLE_FORBIDDEN
Total_Hosp_Days_365D,hospital / emergency utilisation,HOSPITALISATIONS,"hospitalisation invoices (billing lag, no as-of variant)",int,count,MEUHEDET_ENHANCED_FEATURE,total hospital days in 365 days,NAME_ONLY,computed on the work PC,computed on the work PC,computed on the work PC,computed on the work PC,computed on the work PC,Last_Hosp_Date,unknown,UNRESOLVED,contract timing unknown (not confirmed by data engineering),computed on the work PC,computed on the work PC,False,,,MEUHEDET_NATIVE,,as Hospitalization_Count_180D,,INELIGIBLE_FORBIDDEN
Last_Hosp_Length,hospital / emergency utilisation,HOSPITALISATIONS,"hospitalisation invoices (billing lag, no as-of variant)",int,count,MEUHEDET_ENHANCED_FEATURE,length of the last hospitalisation in days (NULL = no hospitalisation),NAME_ONLY,computed on the work PC,computed on the work PC,computed on the work PC,computed on the work PC,computed on the work PC,Last_Hosp_Date,unknown,UNRESOLVED,contract timing unknown (not confirmed by data engineering),computed on the work PC,computed on the work PC,False,,,MEUHEDET_NATIVE,,,no hospitalisation,INELIGIBLE_FORBIDDEN
Last_Hosp_Date,hospital / emergency utilisation,HOSPITALISATIONS,"hospitalisation invoices (billing lag, no as-of variant)",datetime,date,MEUHEDET_ENHANCED_FEATURE,date of the last hospitalisation (timing unknown),DOCUMENTED,computed on the work PC,computed on the work PC,computed on the work PC,computed on the work PC,computed on the work PC,Last_Hosp_Date,unknown,UNRESOLVED,contract timing unknown (not confirmed by data engineering),computed on the work PC,computed on the work PC,False,,,MEUHEDET_NATIVE,,D-00 timing check,,INELIGIBLE_FORBIDDEN
Days_Since_Last_Hospitalization,hospital / emergency utilisation,HOSPITALISATIONS,"hospitalisation invoices (billing lag, no as-of variant)",int,continuous,MEUHEDET_ENHANCED_FEATURE,days since the last hospitalisation (NULL = none),NAME_ONLY,computed on the work PC,computed on the work PC,computed on the work PC,computed on the work PC,computed on the work PC,Last_Hosp_Date,unknown,UNRESOLVED,contract timing unknown (not confirmed by data engineering),computed on the work PC,computed on the work PC,False,,,MEUHEDET_NATIVE,,,no hospitalisation,INELIGIBLE_FORBIDDEN
Invoice_Src_Rows_365D,data-quality / provenance,EXTERNAL_CARE_INVOICES,external-care invoices (billing lag),int,quality_control,QA_CONTROL,invoice source rows in 365 days (technical count),NAME_ONLY,computed on the work PC,computed on the work PC,computed on the work PC,computed on the work PC,computed on the work PC,Last_Ext_Date,na,SAFE,Last_Ext_Date (DOCUMENTED record date of EXTERNAL_CARE_INVOICES) is before the index day on every row of PHASE2_TRAIN_VALIDATION,computed on the work PC,computed on the work PC,False,,,NON_PREDICTIVE_METADATA,,,,NON_PREDICTIVE_METADATA
External_Care_Missing_Ind,data-quality / provenance,EXTERNAL_CARE_INVOICES,external-care invoices (billing lag),int,quality_control,QA_CONTROL,1 = no external-care data (source absent),DOCUMENTED,computed on the work PC,computed on the work PC,computed on the work PC,computed on the work PC,computed on the work PC,Last_Ext_Date,pre_index,SAFE,Last_Ext_Date (DOCUMENTED record date of EXTERNAL_CARE_INVOICES) is before the index day on every row of PHASE2_TRAIN_VALIDATION,computed on the work PC,computed on the work PC,False,,,NON_PREDICTIVE_METADATA,,1 = no external-care data (source absent),,NON_PREDICTIVE_METADATA
Active_Registry_Count,registries,REGISTRIES,disease registries (membership active at index),int,count,MEUHEDET_ENHANCED_FEATURE,number of registry memberships active at Index_Date,NAME_ONLY,computed on the work PC,computed on the work PC,computed on the work PC,computed on the work PC,computed on the work PC,First_Registry_Date,at_index,computed on the work PC,,computed on the work PC,computed on the work PC,False,,,MEUHEDET_NATIVE,com_active_registry_count,,,DATA-DEPENDENT: ELIGIBLE if every record date is before the index day and every recorded value has a date (ELIGIBLE_EXPLORATORY if some values lack a date; INELIGIBLE_UNSAFE if any date is on/after the index day); INELIGIBLE_DATA if empty/constant
Distinct_Registry_Type_Count,registries,REGISTRIES,disease registries (membership active at index),int,count,MEUHEDET_ENHANCED_FEATURE,number of distinct registry types active at Index_Date,NAME_ONLY,computed on the work PC,computed on the work PC,computed on the work PC,computed on the work PC,computed on the work PC,First_Registry_Date,at_index,computed on the work PC,,computed on the work PC,computed on the work PC,False,,,MEUHEDET_NATIVE,com_distinct_registry_types,,,DATA-DEPENDENT: ELIGIBLE if every record date is before the index day and every recorded value has a date (ELIGIBLE_EXPLORATORY if some values lack a date; INELIGIBLE_UNSAFE if any date is on/after the index day); INELIGIBLE_DATA if empty/constant
Registry_Dementia_Ind,registries,REGISTRIES,disease registries (membership active at index),int,binary,EFALLS_BASELINE_FEATURE,1 = dementia registry active at Index_Date (eFalls dementia),DOCUMENTED,computed on the work PC,computed on the work PC,computed on the work PC,computed on the work PC,computed on the work PC,First_Registry_Date,at_index,UNRESOLVED,"First_Registry_Date is before the index day on every row of PHASE2_TRAIN_VALIDATION, but it is a first-entry date: a later same-day entry is invisible",computed on the work PC,computed on the work PC,True,dementia,dementia,EFALLS_HIGH_CONFIDENCE,,-> dementia (HIGH_CONFIDENCE): dementia registry active at index,,IN_BASELINE_15
Registry_Home_Confined_Ind,registries,REGISTRIES,disease registries (membership active at index),int,binary,EFALLS_BASELINE_FEATURE,1 = home-confined members registry active (eFalls housebound),DOCUMENTED,computed on the work PC,computed on the work PC,computed on the work PC,computed on the work PC,computed on the work PC,First_Registry_Date,at_index,UNRESOLVED,"First_Registry_Date is before the index day on every row of PHASE2_TRAIN_VALIDATION, but it is a first-entry date: a later same-day entry is invisible",computed on the work PC,computed on the work PC,True,housebound,housebound,EFALLS_HIGH_CONFIDENCE,,-> housebound (HIGH_CONFIDENCE): home-confined registry,,IN_BASELINE_15
Registry_SMI_Level,registries,REGISTRIES,disease registries (membership active at index),int,ordinal,EFALLS_BASELINE_FEATURE,"severe-mental-illness registry level 0-4 (level definitions unconfirmed, Q-M-03; NULL = not in the registry)",UNKNOWN,computed on the work PC,computed on the work PC,computed on the work PC,computed on the work PC,computed on the work PC,First_Registry_Date,at_index,UNRESOLVED,"First_Registry_Date is before the index day on every row of PHASE2_TRAIN_VALIDATION, but it is a first-entry date: a later same-day entry is invisible",computed on the work PC,computed on the work PC,True,severe_mental_illness,severe_mental_illness,EFALLS_APPROXIMATE,,-> severe_mental_illness (APPROXIMATE): level >= 1; 4 severity levels whose inclusion criteria are unconfirmed (Q-M-03),not in the SMI registry -> 0 (explicit absent_is_zero),IN_BASELINE_15
Registry_Suicide_Attempt_Ind,registries,REGISTRIES,disease registries (membership active at index),int,binary,EFALLS_BASELINE_FEATURE,1 = suicide-attempt registry (subset of eFalls self_harm),DOCUMENTED,computed on the work PC,computed on the work PC,computed on the work PC,computed on the work PC,computed on the work PC,First_Registry_Date,at_index,UNRESOLVED,"First_Registry_Date is before the index day on every row of PHASE2_TRAIN_VALIDATION, but it is a first-entry date: a later same-day entry is invisible",computed on the work PC,computed on the work PC,True,self_harm,self_harm,EFALLS_APPROXIMATE,,-> self_harm (APPROXIMATE): suicide-attempt registry (subset of self-harm; registry lifetime vs eFalls 5 years),,IN_BASELINE_15
Registry_Heart_Disease_Ind,registries,REGISTRIES,disease registries (membership active at index),int,binary,MEUHEDET_ENHANCED_FEATURE,"1 = heart-disease registry (which diagnoses populate it is unknown, Q-M-01)",UNKNOWN,computed on the work PC,computed on the work PC,computed on the work PC,computed on the work PC,computed on the work PC,First_Registry_Date,at_index,computed on the work PC,,computed on the work PC,computed on the work PC,False,,atrial_fibrillation; heart_failure; heart_valve_disease; ischaemic_heart_disease,MEUHEDET_NATIVE,com_registry_heart,cannot be assigned to ONE eFalls cardiac concept (heart_failure / ischaemic_heart_disease / heart_valve_disease / atrial_fibrillation) without the registry definition (Q-M-01),,DATA-DEPENDENT: ELIGIBLE if every record date is before the index day and every recorded value has a date (ELIGIBLE_EXPLORATORY if some values lack a date; INELIGIBLE_UNSAFE if any date is on/after the index day); INELIGIBLE_DATA if empty/constant
Registry_Diabetes_T1_Ind,registries,REGISTRIES,disease registries (membership active at index),int,binary,EFALLS_BASELINE_FEATURE,1 = type 1 diabetes registry,DOCUMENTED,computed on the work PC,computed on the work PC,computed on the work PC,computed on the work PC,computed on the work PC,First_Registry_Date,at_index,UNRESOLVED,"First_Registry_Date is before the index day on every row of PHASE2_TRAIN_VALIDATION, but it is a first-entry date: a later same-day entry is invisible",computed on the work PC,computed on the work PC,True,diabetes_mellitus,diabetes_mellitus,EFALLS_HIGH_CONFIDENCE,,-> diabetes_mellitus (OR with T2),,IN_BASELINE_15
Registry_Diabetes_T2_Ind,registries,REGISTRIES,disease registries (membership active at index),int,binary,EFALLS_BASELINE_FEATURE,1 = type 2 diabetes registry,DOCUMENTED,computed on the work PC,computed on the work PC,computed on the work PC,computed on the work PC,computed on the work PC,First_Registry_Date,at_index,UNRESOLVED,"First_Registry_Date is before the index day on every row of PHASE2_TRAIN_VALIDATION, but it is a first-entry date: a later same-day entry is invisible",computed on the work PC,computed on the work PC,True,diabetes_mellitus,diabetes_mellitus,EFALLS_HIGH_CONFIDENCE,,-> diabetes_mellitus (OR with T1),,IN_BASELINE_15
Registry_Chronic_Renal_Failure_Ind,registries,REGISTRIES,disease registries (membership active at index),int,binary,EFALLS_BASELINE_FEATURE,1 = chronic renal failure registry (eFalls CKD without the eGFR/ACR rule),DOCUMENTED,computed on the work PC,computed on the work PC,computed on the work PC,computed on the work PC,computed on the work PC,First_Registry_Date,at_index,UNRESOLVED,"First_Registry_Date is before the index day on every row of PHASE2_TRAIN_VALIDATION, but it is a first-entry date: a later same-day entry is invisible",computed on the work PC,computed on the work PC,True,chronic_kidney_disease,chronic_kidney_disease,EFALLS_APPROXIMATE,,-> chronic_kidney_disease (APPROXIMATE): registry without the eFalls eGFR/ACR measurement rule,,IN_BASELINE_15
Registry_Kidneys_Ind,registries,REGISTRIES,disease registries (membership active at index),int,binary,MEUHEDET_ENHANCED_FEATURE,1 = kidney-disease registry (relation to the renal-failure registry not documented),NAME_ONLY,computed on the work PC,computed on the work PC,computed on the work PC,computed on the work PC,computed on the work PC,First_Registry_Date,at_index,computed on the work PC,,computed on the work PC,computed on the work PC,False,,urinary_system_disease,MEUHEDET_NATIVE,com_registry_kidneys,kidney-disease registry; NOT mapped to urinary_system_disease (renal signal already used by chronic_kidney_disease; double counting),,DATA-DEPENDENT: ELIGIBLE if every record date is before the index day and every recorded value has a date (ELIGIBLE_EXPLORATORY if some values lack a date; INELIGIBLE_UNSAFE if any date is on/after the index day); INELIGIBLE_DATA if empty/constant
Registry_Liver_Ind,registries,REGISTRIES,disease registries (membership active at index),int,binary,EFALLS_BASELINE_FEATURE,1 = liver-disease registry,DOCUMENTED,computed on the work PC,computed on the work PC,computed on the work PC,computed on the work PC,computed on the work PC,First_Registry_Date,at_index,UNRESOLVED,"First_Registry_Date is before the index day on every row of PHASE2_TRAIN_VALIDATION, but it is a first-entry date: a later same-day entry is invisible",computed on the work PC,computed on the work PC,True,liver_problems,liver_problems,EFALLS_HIGH_CONFIDENCE,,-> liver_problems (HIGH_CONFIDENCE),,IN_BASELINE_15
Registry_COPD_Ind,registries,REGISTRIES,disease registries (membership active at index),int,binary,EFALLS_BASELINE_FEATURE,1 = COPD registry,DOCUMENTED,computed on the work PC,computed on the work PC,computed on the work PC,computed on the work PC,computed on the work PC,First_Registry_Date,at_index,UNRESOLVED,"First_Registry_Date is before the index day on every row of PHASE2_TRAIN_VALIDATION, but it is a first-entry date: a later same-day entry is invisible",computed on the work PC,computed on the work PC,True,copd,copd,EFALLS_HIGH_CONFIDENCE,,-> copd (HIGH_CONFIDENCE),,IN_BASELINE_15
Registry_Asthma_Ind,registries,REGISTRIES,disease registries (membership active at index),int,binary,EFALLS_BASELINE_FEATURE,1 = asthma registry,DOCUMENTED,computed on the work PC,computed on the work PC,computed on the work PC,computed on the work PC,computed on the work PC,First_Registry_Date,at_index,UNRESOLVED,"First_Registry_Date is before the index day on every row of PHASE2_TRAIN_VALIDATION, but it is a first-entry date: a later same-day entry is invisible",computed on the work PC,computed on the work PC,True,asthma,asthma,EFALLS_HIGH_CONFIDENCE,,-> asthma (HIGH_CONFIDENCE),,IN_BASELINE_15
Registry_Blood_Pressure_Ind,registries,REGISTRIES,disease registries (membership active at index),int,binary,EFALLS_BASELINE_FEATURE,"1 = hypertension registry (to confirm it is diagnosis-based, Q-M-04)",DOCUMENTED,computed on the work PC,computed on the work PC,computed on the work PC,computed on the work PC,computed on the work PC,First_Registry_Date,at_index,UNRESOLVED,"First_Registry_Date is before the index day on every row of PHASE2_TRAIN_VALIDATION, but it is a first-entry date: a later same-day entry is invisible",computed on the work PC,computed on the work PC,True,hypertension,hypertension,EFALLS_HIGH_CONFIDENCE,,"-> hypertension (HIGH_CONFIDENCE): hypertension registry, without the eFalls 3-readings rule (Q-M-04: confirm it is the hypertension registry)",,IN_BASELINE_15
Registry_Transplant_Ind,registries,REGISTRIES,disease registries (membership active at index),int,binary,MEUHEDET_ENHANCED_FEATURE,1 = transplant registry,NAME_ONLY,computed on the work PC,computed on the work PC,computed on the work PC,computed on the work PC,computed on the work PC,First_Registry_Date,at_index,computed on the work PC,,computed on the work PC,computed on the work PC,False,,,MEUHEDET_NATIVE,com_registry_transplant,,,DATA-DEPENDENT: ELIGIBLE if every record date is before the index day and every recorded value has a date (ELIGIBLE_EXPLORATORY if some values lack a date; INELIGIBLE_UNSAFE if any date is on/after the index day); INELIGIBLE_DATA if empty/constant
Registry_Stoma_Ind,registries,REGISTRIES,disease registries (membership active at index),int,binary,MEUHEDET_ENHANCED_FEATURE,1 = stoma registry,NAME_ONLY,computed on the work PC,computed on the work PC,computed on the work PC,computed on the work PC,computed on the work PC,First_Registry_Date,at_index,computed on the work PC,,computed on the work PC,computed on the work PC,False,,,MEUHEDET_NATIVE,com_registry_stoma,,,DATA-DEPENDENT: ELIGIBLE if every record date is before the index day and every recorded value has a date (ELIGIBLE_EXPLORATORY if some values lack a date; INELIGIBLE_UNSAFE if any date is on/after the index day); INELIGIBLE_DATA if empty/constant
Longest_Registry_Duration_Days,registries,REGISTRIES,disease registries (membership active at index),int,continuous,MEUHEDET_ENHANCED_FEATURE,days in the longest-running active registry (NULL = no registry),NAME_ONLY,computed on the work PC,computed on the work PC,computed on the work PC,computed on the work PC,computed on the work PC,First_Registry_Date,at_index,computed on the work PC,,computed on the work PC,computed on the work PC,False,,,MEUHEDET_NATIVE,com_longest_registry_days,,no registry,DATA-DEPENDENT: ELIGIBLE if every record date is before the index day and every recorded value has a date (ELIGIBLE_EXPLORATORY if some values lack a date; INELIGIBLE_UNSAFE if any date is on/after the index day); INELIGIBLE_DATA if empty/constant
Registry_Distinct_Status_Values,data-quality / provenance,REGISTRIES,disease registries (membership active at index),int,quality_control,QA_CONTROL,number of distinct registry status values (meaning unknown per S2T),UNKNOWN,computed on the work PC,computed on the work PC,computed on the work PC,computed on the work PC,computed on the work PC,First_Registry_Date,na,UNRESOLVED,"First_Registry_Date is before the index day on every row of PHASE2_TRAIN_VALIDATION, but it is a first-entry date: a later same-day entry is invisible",computed on the work PC,computed on the work PC,False,,,NON_PREDICTIVE_METADATA,,meaning unknown (S2T),,NON_PREDICTIVE_METADATA
Days_Since_First_Registry,registries,REGISTRIES,disease registries (membership active at index),int,continuous,MEUHEDET_ENHANCED_FEATURE,days since the first registry entry (NULL = no registry),NAME_ONLY,computed on the work PC,computed on the work PC,computed on the work PC,computed on the work PC,computed on the work PC,First_Registry_Date,at_index,computed on the work PC,,computed on the work PC,computed on the work PC,False,,,MEUHEDET_NATIVE,com_days_since_first_registry,,no registry,DATA-DEPENDENT: ELIGIBLE if every record date is before the index day and every recorded value has a date (ELIGIBLE_EXPLORATORY if some values lack a date; INELIGIBLE_UNSAFE if any date is on/after the index day); INELIGIBLE_DATA if empty/constant
Registry_Unknown_Dictionary_Count,data-quality / provenance,REGISTRIES,disease registries (membership active at index),int,quality_control,QA_CONTROL,registry entries not found in the registry dictionary,NAME_ONLY,computed on the work PC,computed on the work PC,computed on the work PC,computed on the work PC,computed on the work PC,First_Registry_Date,na,UNRESOLVED,"First_Registry_Date is before the index day on every row of PHASE2_TRAIN_VALIDATION, but it is a first-entry date: a later same-day entry is invisible",computed on the work PC,computed on the work PC,False,,,NON_PREDICTIVE_METADATA,,,,NON_PREDICTIVE_METADATA
New_Registry_30D,registries,REGISTRIES,disease registries (membership active at index),int,count,FORBIDDEN_LEAKAGE,"new registry entries in 30 days (S2T: unreliable, never a predictor)",DOCUMENTED,computed on the work PC,computed on the work PC,computed on the work PC,computed on the work PC,computed on the work PC,First_Registry_Date,unknown,UNSAFE,role FORBIDDEN_LEAKAGE in the contract (never available as a predictor),computed on the work PC,computed on the work PC,False,,,FORBIDDEN,,"S2T: unreliable, do not feed to the model",,INELIGIBLE_FORBIDDEN
New_Registry_90D,registries,REGISTRIES,disease registries (membership active at index),int,count,FORBIDDEN_LEAKAGE,"new registry entries in 90 days (S2T: unreliable, never a predictor)",DOCUMENTED,computed on the work PC,computed on the work PC,computed on the work PC,computed on the work PC,computed on the work PC,First_Registry_Date,unknown,UNSAFE,role FORBIDDEN_LEAKAGE in the contract (never available as a predictor),computed on the work PC,computed on the work PC,False,,,FORBIDDEN,,"S2T: unreliable, do not feed to the model",,INELIGIBLE_FORBIDDEN
First_Registry_Date,registries,REGISTRIES,disease registries (membership active at index),date,date,MEUHEDET_ENHANCED_FEATURE,"earliest registry entry date (same-day evidence for the registry predictors, Q-M-11)",DOCUMENTED,computed on the work PC,computed on the work PC,computed on the work PC,computed on the work PC,computed on the work PC,First_Registry_Date,at_index,UNRESOLVED,"First_Registry_Date is before the index day on every row of PHASE2_TRAIN_VALIDATION, but it is a first-entry date: a later same-day entry is invisible",computed on the work PC,computed on the work PC,False,,,MEUHEDET_NATIVE,,D-00 timing check only,,RECORD_DATE
Registry_Missing_Ind,data-quality / provenance,REGISTRIES,disease registries (membership active at index),int,quality_control,QA_CONTROL,1 = no registry data for the member (source absent),DOCUMENTED,computed on the work PC,computed on the work PC,computed on the work PC,computed on the work PC,computed on the work PC,First_Registry_Date,at_index,UNRESOLVED,"First_Registry_Date is before the index day on every row of PHASE2_TRAIN_VALIDATION, but it is a first-entry date: a later same-day entry is invisible",computed on the work PC,computed on the work PC,False,,,NON_PREDICTIVE_METADATA,,1 = no registry data (source absent); registry flags are 0 by construction -> counted by the adapter,,NON_PREDICTIVE_METADATA
MEFI_Group_At_Index,frailty,MEFI,MEFI frailty assessments (Meuhedet frailty index),int,ordinal,MEUHEDET_ENHANCED_FEATURE,"MEFI frailty group 1 low .. 4 high at Index_Date (Meuhedet construct, not eFI; NULL = not assessed)",DOCUMENTED,computed on the work PC,computed on the work PC,computed on the work PC,computed on the work PC,computed on the work PC,MEFI_From_Date,at_index,computed on the work PC,,computed on the work PC,computed on the work PC,False,,,MEUHEDET_NATIVE,frail_mefi_group,"1 low .. 4 high; Meuhedet-specific frailty construct, not eFI (M-15)",not assessed (missing category),DATA-DEPENDENT: ELIGIBLE if every record date is before the index day and every recorded value has a date (ELIGIBLE_EXPLORATORY if some values lack a date; INELIGIBLE_UNSAFE if any date is on/after the index day); INELIGIBLE_DATA if empty/constant
MEFI_Group_Desc,frailty,MEFI,MEFI frailty assessments (Meuhedet frailty index),varchar(10),categorical,QA_CONTROL,text label of MEFI_Group_At_Index,DOCUMENTED,computed on the work PC,computed on the work PC,computed on the work PC,computed on the work PC,computed on the work PC,MEFI_From_Date,at_index,SAFE,MEFI_From_Date (DOCUMENTED record date of MEFI) is before the index day on every row of PHASE2_TRAIN_VALIDATION,computed on the work PC,computed on the work PC,False,,,NON_PREDICTIVE_METADATA,,label of MEFI_Group_At_Index,,NON_PREDICTIVE_METADATA
MEFI_From_Date,frailty,MEFI,MEFI frailty assessments (Meuhedet frailty index),date,date,MEUHEDET_ENHANCED_FEATURE,start date of the current MEFI group (D-00 timing evidence),DOCUMENTED,computed on the work PC,computed on the work PC,computed on the work PC,computed on the work PC,computed on the work PC,MEFI_From_Date,at_index,SAFE,MEFI_From_Date (DOCUMENTED record date of MEFI) is before the index day on every row of PHASE2_TRAIN_VALIDATION,computed on the work PC,computed on the work PC,False,,,MEUHEDET_NATIVE,form_mefi_assessed,D-00 timing check only,,RECORD_DATE
MEFI_Assessed_Ind,frailty,MEFI,MEFI frailty assessments (Meuhedet frailty index),int,binary,MEUHEDET_ENHANCED_FEATURE,1 = MEFI assessed (relation to MEFI_Ever_Assessed_Ind not documented),NAME_ONLY,computed on the work PC,computed on the work PC,computed on the work PC,computed on the work PC,computed on the work PC,MEFI_From_Date,at_index,SAFE,MEFI_From_Date (DOCUMENTED record date of MEFI) is before the index day on every row of PHASE2_TRAIN_VALIDATION,computed on the work PC,computed on the work PC,False,,,MEUHEDET_NATIVE,,,,REPRESENTED_BY
Days_In_Current_MEFI_Group,frailty,MEFI,MEFI frailty assessments (Meuhedet frailty index),int,continuous,MEUHEDET_ENHANCED_FEATURE,days in the current MEFI group at Index_Date,NAME_ONLY,computed on the work PC,computed on the work PC,computed on the work PC,computed on the work PC,computed on the work PC,MEFI_From_Date,at_index,computed on the work PC,,computed on the work PC,computed on the work PC,False,,,MEUHEDET_NATIVE,frail_mefi_days_in_group,,not assessed,DATA-DEPENDENT: ELIGIBLE if every record date is before the index day and every recorded value has a date (ELIGIBLE_EXPLORATORY if some values lack a date; INELIGIBLE_UNSAFE if any date is on/after the index day); INELIGIBLE_DATA if empty/constant
Days_Since_MEFI_Assessment,frailty,MEFI,MEFI frailty assessments (Meuhedet frailty index),int,continuous,MEUHEDET_ENHANCED_FEATURE,days since the last MEFI assessment,NAME_ONLY,computed on the work PC,computed on the work PC,computed on the work PC,computed on the work PC,computed on the work PC,MEFI_From_Date,at_index,computed on the work PC,,computed on the work PC,computed on the work PC,False,,,MEUHEDET_NATIVE,frail_mefi_days_since_assessment,,not assessed,DATA-DEPENDENT: ELIGIBLE if every record date is before the index day and every recorded value has a date (ELIGIBLE_EXPLORATORY if some values lack a date; INELIGIBLE_UNSAFE if any date is on/after the index day); INELIGIBLE_DATA if empty/constant
MEFI_Assessment_Count,frailty,MEFI,MEFI frailty assessments (Meuhedet frailty index),int,count,MEUHEDET_ENHANCED_FEATURE,number of MEFI assessments (window not documented),NAME_ONLY,computed on the work PC,computed on the work PC,computed on the work PC,computed on the work PC,computed on the work PC,MEFI_From_Date,at_index,computed on the work PC,,computed on the work PC,computed on the work PC,False,,,MEUHEDET_NATIVE,frail_mefi_assessment_count,,,DATA-DEPENDENT: ELIGIBLE if every record date is before the index day and every recorded value has a date (ELIGIBLE_EXPLORATORY if some values lack a date; INELIGIBLE_UNSAFE if any date is on/after the index day); INELIGIBLE_DATA if empty/constant
MEFI_Ever_Assessed_Ind,frailty,MEFI,MEFI frailty assessments (Meuhedet frailty index),int,binary,MEUHEDET_ENHANCED_FEATURE,1 = ever assessed with MEFI,NAME_ONLY,computed on the work PC,computed on the work PC,computed on the work PC,computed on the work PC,computed on the work PC,MEFI_From_Date,at_index,SAFE,MEFI_From_Date (DOCUMENTED record date of MEFI) is before the index day on every row of PHASE2_TRAIN_VALIDATION,computed on the work PC,computed on the work PC,False,,,MEUHEDET_NATIVE,,,,REPRESENTED_BY
MEFI_Prev_Group,frailty,MEFI,MEFI frailty assessments (Meuhedet frailty index),int,ordinal,MEUHEDET_ENHANCED_FEATURE,previous MEFI group (NULL = no previous assessment),NAME_ONLY,computed on the work PC,computed on the work PC,computed on the work PC,computed on the work PC,computed on the work PC,MEFI_From_Date,at_index,computed on the work PC,,computed on the work PC,computed on the work PC,False,,,MEUHEDET_NATIVE,frail_mefi_prev_group,,no previous assessment,DATA-DEPENDENT: ELIGIBLE if every record date is before the index day and every recorded value has a date (ELIGIBLE_EXPLORATORY if some values lack a date; INELIGIBLE_UNSAFE if any date is on/after the index day); INELIGIBLE_DATA if empty/constant
MEFI_Worsened_Ind,frailty,MEFI,MEFI frailty assessments (Meuhedet frailty index),int,binary,MEUHEDET_ENHANCED_FEATURE,1 = MEFI group worse than the previous one (NULL = no previous assessment),NAME_ONLY,computed on the work PC,computed on the work PC,computed on the work PC,computed on the work PC,computed on the work PC,MEFI_From_Date,at_index,computed on the work PC,,computed on the work PC,computed on the work PC,False,,,MEUHEDET_NATIVE,frail_mefi_worsened,,no previous assessment,DATA-DEPENDENT: ELIGIBLE if every record date is before the index day and every recorded value has a date (ELIGIBLE_EXPLORATORY if some values lack a date; INELIGIBLE_UNSAFE if any date is on/after the index day); INELIGIBLE_DATA if empty/constant
Frailty_Not_Assessed_Ind,frailty,MEFI,MEFI frailty assessments (Meuhedet frailty index),int,binary,MEUHEDET_ENHANCED_FEATURE,1 = frailty not assessed (not the same as 'not frail'),DOCUMENTED,computed on the work PC,computed on the work PC,computed on the work PC,computed on the work PC,computed on the work PC,MEFI_From_Date,at_index,UNRESOLVED,4662 rows of PHASE2_TRAIN_VALIDATION carry a recorded Frailty_Not_Assessed_Ind value but no MEFI_From_Date: the bound does not cover them,computed on the work PC,computed on the work PC,False,,,MEUHEDET_NATIVE,,explicit not-assessed indicator (not 'not frail'),,REPRESENTED_BY
CCI_Group,diagnoses / comorbidity,COMORBIDITY_SOCIAL,comorbidity index and social / benefit status,int,ordinal,MEUHEDET_ENHANCED_FEATURE,Charlson comorbidity index group (grouping not documented; NULL = not computed),NAME_ONLY,computed on the work PC,computed on the work PC,computed on the work PC,computed on the work PC,computed on the work PC,,at_index,computed on the work PC,,computed on the work PC,computed on the work PC,False,,,MEUHEDET_NATIVE,com_cci_group,"Charlson group; composite, not eFalls",not computed,DATA-DEPENDENT: ELIGIBLE_EXPLORATORY (no record date: timing unverifiable) unless empty/constant
Malnutrition_Grade,diagnoses / comorbidity,COMORBIDITY_SOCIAL,comorbidity index and social / benefit status,int,ordinal,MEUHEDET_ENHANCED_FEATURE,malnutrition grade (code semantics to confirm),UNKNOWN,computed on the work PC,computed on the work PC,computed on the work PC,computed on the work PC,computed on the work PC,,at_index,UNRESOLVED,source COMORBIDITY_SOCIAL: no record date in the extract - an index-day record can neither be proven nor excluded,computed on the work PC,computed on the work PC,False,,weight_loss,MEUHEDET_NATIVE,,code semantics to confirm (audit distribution),not graded,NEEDS_SME
Siudi_Status,social / socio-economic,COMORBIDITY_SOCIAL,comorbidity index and social / benefit status,int,categorical,MEUHEDET_ENHANCED_FEATURE,"nursing-care (siudi) benefit status (code values unknown, Q-M-02)",UNKNOWN,computed on the work PC,computed on the work PC,computed on the work PC,computed on the work PC,computed on the work PC,,at_index,UNRESOLVED,source COMORBIDITY_SOCIAL: no record date in the extract - an index-day record can neither be proven nor excluded,computed on the work PC,computed on the work PC,False,,requirement_for_care,MEUHEDET_NATIVE,,nursing-care (siudi) benefit status; eFalls requirement_for_care candidate once code semantics are confirmed (Q-M-02),no nursing-care status,NEEDS_SME
Customer_Risk_Code,social / socio-economic,COMORBIDITY_SOCIAL,comorbidity index and social / benefit status,int,categorical,MEUHEDET_ENHANCED_FEATURE,member risk code (code semantics to confirm),UNKNOWN,computed on the work PC,computed on the work PC,computed on the work PC,computed on the work PC,computed on the work PC,,at_index,UNRESOLVED,source COMORBIDITY_SOCIAL: no record date in the extract - an index-day record can neither be proven nor excluded,computed on the work PC,computed on the work PC,False,,,MEUHEDET_NATIVE,,code semantics to confirm,no risk code,NEEDS_SME
Income_Support,social / socio-economic,COMORBIDITY_SOCIAL,comorbidity index and social / benefit status,tinyint,binary,MEUHEDET_ENHANCED_FEATURE,1 = income-support benefit (socio-economic),DOCUMENTED,computed on the work PC,computed on the work PC,computed on the work PC,computed on the work PC,computed on the work PC,,at_index,computed on the work PC,,computed on the work PC,computed on the work PC,False,,social_vulnerability,MEUHEDET_NATIVE,soc_income_support,"income-support benefit; socio-economic, not the eFalls social_vulnerability construct",unknown,DATA-DEPENDENT: ELIGIBLE_EXPLORATORY (no record date: timing unverifiable) unless empty/constant
Audit_Only_Adif_Status,social / socio-economic,COMORBIDITY_SOCIAL,comorbidity index and social / benefit status,int,categorical,FORBIDDEN_LEAKAGE,fairness-audit field only; never a predictor (code meaning not documented),DOCUMENTED,computed on the work PC,computed on the work PC,computed on the work PC,computed on the work PC,computed on the work PC,,na,UNSAFE,role FORBIDDEN_LEAKAGE in the contract (never available as a predictor),computed on the work PC,computed on the work PC,False,,,FORBIDDEN,,S2T: fairness audit only - never a predictor,,INELIGIBLE_FORBIDDEN
Audit_Only_Si_Status,social / socio-economic,COMORBIDITY_SOCIAL,comorbidity index and social / benefit status,int,categorical,FORBIDDEN_LEAKAGE,fairness-audit field only; never a predictor (code meaning not documented),DOCUMENTED,computed on the work PC,computed on the work PC,computed on the work PC,computed on the work PC,computed on the work PC,,na,UNSAFE,role FORBIDDEN_LEAKAGE in the contract (never available as a predictor),computed on the work PC,computed on the work PC,False,,,FORBIDDEN,,S2T: fairness audit only - never a predictor,,INELIGIBLE_FORBIDDEN
Has_Source_Visits_Ind,data-quality / provenance,SOURCE_COVERAGE,per-source data-availability flags of the VIEW,int,quality_control,QA_CONTROL,1 = visit source has data for the member,NAME_ONLY,computed on the work PC,computed on the work PC,computed on the work PC,computed on the work PC,computed on the work PC,,na,UNRESOLVED,source SOURCE_COVERAGE: no record date in the extract - an index-day record can neither be proven nor excluded,computed on the work PC,computed on the work PC,False,,,NON_PREDICTIVE_METADATA,,,,NON_PREDICTIVE_METADATA
Has_Source_Diagnosis_Ind,data-quality / provenance,SOURCE_COVERAGE,per-source data-availability flags of the VIEW,int,quality_control,QA_CONTROL,1 = diagnosis source has data for the member,NAME_ONLY,computed on the work PC,computed on the work PC,computed on the work PC,computed on the work PC,computed on the work PC,,na,UNRESOLVED,source SOURCE_COVERAGE: no record date in the extract - an index-day record can neither be proven nor excluded,computed on the work PC,computed on the work PC,False,,,NON_PREDICTIVE_METADATA,,,,NON_PREDICTIVE_METADATA
Has_Source_Assessment_Ind,data-quality / provenance,SOURCE_COVERAGE,per-source data-availability flags of the VIEW,int,quality_control,QA_CONTROL,1 = nurse-assessment source has data for the member,NAME_ONLY,computed on the work PC,computed on the work PC,computed on the work PC,computed on the work PC,computed on the work PC,,na,UNRESOLVED,source SOURCE_COVERAGE: no record date in the extract - an index-day record can neither be proven nor excluded,computed on the work PC,computed on the work PC,False,,,NON_PREDICTIVE_METADATA,,,,NON_PREDICTIVE_METADATA
Has_Source_Medication_Ind,data-quality / provenance,SOURCE_COVERAGE,per-source data-availability flags of the VIEW,int,quality_control,QA_CONTROL,1 = medication source has data for the member,NAME_ONLY,computed on the work PC,computed on the work PC,computed on the work PC,computed on the work PC,computed on the work PC,,na,UNRESOLVED,source SOURCE_COVERAGE: no record date in the extract - an index-day record can neither be proven nor excluded,computed on the work PC,computed on the work PC,False,,,NON_PREDICTIVE_METADATA,,,,NON_PREDICTIVE_METADATA
Has_Source_External_Care_Ind,data-quality / provenance,SOURCE_COVERAGE,per-source data-availability flags of the VIEW,int,quality_control,QA_CONTROL,1 = external-care source has data for the member,NAME_ONLY,computed on the work PC,computed on the work PC,computed on the work PC,computed on the work PC,computed on the work PC,,na,UNRESOLVED,source SOURCE_COVERAGE: no record date in the extract - an index-day record can neither be proven nor excluded,computed on the work PC,computed on the work PC,False,,,NON_PREDICTIVE_METADATA,,,,NON_PREDICTIVE_METADATA
Has_Source_Registry_Ind,data-quality / provenance,SOURCE_COVERAGE,per-source data-availability flags of the VIEW,int,quality_control,QA_CONTROL,1 = registry source has data for the member,NAME_ONLY,computed on the work PC,computed on the work PC,computed on the work PC,computed on the work PC,computed on the work PC,,na,UNRESOLVED,source SOURCE_COVERAGE: no record date in the extract - an index-day record can neither be proven nor excluded,computed on the work PC,computed on the work PC,False,,,NON_PREDICTIVE_METADATA,,,,NON_PREDICTIVE_METADATA
Has_Source_Frailty_Ind,data-quality / provenance,SOURCE_COVERAGE,per-source data-availability flags of the VIEW,int,quality_control,QA_CONTROL,1 = frailty source has data for the member,NAME_ONLY,computed on the work PC,computed on the work PC,computed on the work PC,computed on the work PC,computed on the work PC,,na,UNRESOLVED,source SOURCE_COVERAGE: no record date in the extract - an index-day record can neither be proven nor excluded,computed on the work PC,computed on the work PC,False,,,NON_PREDICTIVE_METADATA,,,,NON_PREDICTIVE_METADATA
Distinct_Sources_With_Data,data-quality / provenance,SOURCE_COVERAGE,per-source data-availability flags of the VIEW,int,quality_control,QA_CONTROL,number of sources with data for the member,NAME_ONLY,computed on the work PC,computed on the work PC,computed on the work PC,computed on the work PC,computed on the work PC,,na,UNRESOLVED,source SOURCE_COVERAGE: no record date in the extract - an index-day record can neither be proven nor excluded,computed on the work PC,computed on the work PC,False,,,NON_PREDICTIVE_METADATA,,,,NON_PREDICTIVE_METADATA
Snapshot_Confidence,data-quality / provenance,VIEW_TECHNICAL,VIEW technical keys and versioning,varchar(6),categorical,QA_CONTROL,row confidence HIGH / MEDIUM / LOW (rule not documented; never a predictor),DOCUMENTED,computed on the work PC,computed on the work PC,computed on the work PC,computed on the work PC,computed on the work PC,,na,UNRESOLVED,source VIEW_TECHNICAL: technical / cohort bookkeeping source - an index-day record can neither be proven nor excluded,computed on the work PC,computed on the work PC,False,,,NON_PREDICTIVE_METADATA,,row confidence; audit reports the distribution; never a predictor,,NON_PREDICTIVE_METADATA
Leakage_Check_Ind,data-quality / provenance,VIEW_TECHNICAL,VIEW technical keys and versioning,int,quality_control,QA_CONTROL,VIEW self-check; any 1 is a VIEW bug,DOCUMENTED,computed on the work PC,computed on the work PC,computed on the work PC,computed on the work PC,computed on the work PC,,na,UNRESOLVED,source VIEW_TECHNICAL: technical / cohort bookkeeping source - an index-day record can neither be proven nor excluded,computed on the work PC,computed on the work PC,False,,,NON_PREDICTIVE_METADATA,,any 1 is a VIEW bug: the build fails,,NON_PREDICTIVE_METADATA
Fall_Next_30D_Ind,outcomes,LABELS,outcome labels (post-index),int,label,LABEL,1 = fall/fracture event in the 30 days from Index_Date (NULL = censored),DOCUMENTED,computed on the work PC,computed on the work PC,computed on the work PC,computed on the work PC,computed on the work PC,,post_index,UNSAFE,contract timing post_index (known only after the prediction time),computed on the work PC,computed on the work PC,False,,,FORBIDDEN,,,censored,INELIGIBLE_FORBIDDEN
Next_Fall_Date_30D,outcomes,LABELS,outcome labels (post-index),date,date,LABEL,date of the first event in the 30-day window,NAME_ONLY,computed on the work PC,computed on the work PC,computed on the work PC,computed on the work PC,computed on the work PC,,post_index,UNSAFE,contract timing post_index (known only after the prediction time),computed on the work PC,computed on the work PC,False,,,FORBIDDEN,,,,INELIGIBLE_FORBIDDEN
Days_To_Next_Fall_30D,outcomes,LABELS,outcome labels (post-index),int,label,LABEL,days from Index_Date to the first 30-day event,NAME_ONLY,computed on the work PC,computed on the work PC,computed on the work PC,computed on the work PC,computed on the work PC,,post_index,UNSAFE,contract timing post_index (known only after the prediction time),computed on the work PC,computed on the work PC,False,,,FORBIDDEN,,,,INELIGIBLE_FORBIDDEN
Next_Fall_Event_ID_30D,outcomes,LABELS,outcome labels (post-index),varchar(50),identifier,LABEL,event id of the first 30-day event (traceback; never printed),DOCUMENTED,computed on the work PC,computed on the work PC,computed on the work PC,computed on the work PC,computed on the work PC,,post_index,UNSAFE,contract timing post_index (known only after the prediction time),computed on the work PC,computed on the work PC,False,,,FORBIDDEN,,event id (traceback); never printed by the audit,,INELIGIBLE_FORBIDDEN
Next_Fall_Confidence_30D,outcomes,LABELS,outcome labels (post-index),varchar(6),label,LABEL,confidence of the first 30-day event (levels not documented),NAME_ONLY,computed on the work PC,computed on the work PC,computed on the work PC,computed on the work PC,computed on the work PC,,post_index,UNSAFE,contract timing post_index (known only after the prediction time),computed on the work PC,computed on the work PC,False,,,FORBIDDEN,,,,INELIGIBLE_FORBIDDEN
Label_Reason_30D,outcomes,LABELS,outcome labels (post-index),varchar(25),label,LABEL,why the 30-day label has its value (POSITIVE / NEGATIVE / CENSORED + suffixes),DOCUMENTED,computed on the work PC,computed on the work PC,computed on the work PC,computed on the work PC,computed on the work PC,,post_index,UNSAFE,contract timing post_index (known only after the prediction time),computed on the work PC,computed on the work PC,False,,,FORBIDDEN,,,,INELIGIBLE_FORBIDDEN
Fall_Next_180D_Ind,outcomes,LABELS,outcome labels (post-index),int,label,LABEL,1 = fall/fracture event within 180 days of Index_Date: the EXPLORATORY outcome (NOT the eFalls outcome; NULL = censored),DOCUMENTED,computed on the work PC,computed on the work PC,computed on the work PC,computed on the work PC,computed on the work PC,,post_index,UNSAFE,contract timing post_index (known only after the prediction time),computed on the work PC,computed on the work PC,False,,,FORBIDDEN,,-> fall_next_180d (Meuhedet 180-day exploratory outcome; NOT the eFalls 12-month ED/admission outcome),censored,INELIGIBLE_FORBIDDEN
Next_Fall_Date_180D,outcomes,LABELS,outcome labels (post-index),date,date,LABEL,date of the first event in the 180-day window,DOCUMENTED,computed on the work PC,computed on the work PC,computed on the work PC,computed on the work PC,computed on the work PC,,post_index,UNSAFE,contract timing post_index (known only after the prediction time),computed on the work PC,computed on the work PC,False,,,FORBIDDEN,,-> outcome_first_event_date of the exploratory outcome,,INELIGIBLE_FORBIDDEN
Days_To_Next_Fall_180D,outcomes,LABELS,outcome labels (post-index),int,label,LABEL,days from Index_Date to the first 180-day event,NAME_ONLY,computed on the work PC,computed on the work PC,computed on the work PC,computed on the work PC,computed on the work PC,,post_index,UNSAFE,contract timing post_index (known only after the prediction time),computed on the work PC,computed on the work PC,False,,,FORBIDDEN,,,,INELIGIBLE_FORBIDDEN
Next_Fall_Event_ID_180D,outcomes,LABELS,outcome labels (post-index),varchar(50),identifier,LABEL,event id of the first 180-day event (traceback; never printed),DOCUMENTED,computed on the work PC,computed on the work PC,computed on the work PC,computed on the work PC,computed on the work PC,,post_index,UNSAFE,contract timing post_index (known only after the prediction time),computed on the work PC,computed on the work PC,False,,,FORBIDDEN,,event id (traceback); never printed by the audit,,INELIGIBLE_FORBIDDEN
Next_Fall_Confidence_180D,outcomes,LABELS,outcome labels (post-index),varchar(6),label,LABEL,confidence of the first 180-day event (levels not documented),NAME_ONLY,computed on the work PC,computed on the work PC,computed on the work PC,computed on the work PC,computed on the work PC,,post_index,UNSAFE,contract timing post_index (known only after the prediction time),computed on the work PC,computed on the work PC,False,,,FORBIDDEN,,,,INELIGIBLE_FORBIDDEN
Label_Reason_180D,outcomes,LABELS,outcome labels (post-index),varchar(25),label,LABEL,why the 180-day label has its value (POSITIVE / NEGATIVE / CENSORED + suffixes),DOCUMENTED,computed on the work PC,computed on the work PC,computed on the work PC,computed on the work PC,computed on the work PC,,post_index,UNSAFE,contract timing post_index (known only after the prediction time),computed on the work PC,computed on the work PC,False,,,FORBIDDEN,,POSITIVE / NEGATIVE / CENSORED (+ suffixes); audit reports the distribution,,INELIGIBLE_FORBIDDEN
Fall_Next_30D_HighConf_Ind,outcomes,LABELS,outcome labels (post-index),int,label,LABEL,30-day label restricted to high-confidence events (sensitivity label),DOCUMENTED,computed on the work PC,computed on the work PC,computed on the work PC,computed on the work PC,computed on the work PC,,post_index,UNSAFE,contract timing post_index (known only after the prediction time),computed on the work PC,computed on the work PC,False,,,FORBIDDEN,,sensitivity label,,INELIGIBLE_FORBIDDEN
Fall_Next_180D_HighConf_Ind,outcomes,LABELS,outcome labels (post-index),int,label,LABEL,180-day label restricted to high-confidence events (sensitivity label),DOCUMENTED,computed on the work PC,computed on the work PC,computed on the work PC,computed on the work PC,computed on the work PC,,post_index,UNSAFE,contract timing post_index (known only after the prediction time),computed on the work PC,computed on the work PC,False,,,FORBIDDEN,,sensitivity label,,INELIGIBLE_FORBIDDEN
