feature_name,semantic_type,encoding,transformation,imputation,missing_indicator,scaling,inner_cv_fit_scope,outer_cv_fit_scope,leakage_safe,notes
form_minicog_assessed,binary,Linear: 1 iff finite value==1 else 0; XGB: engineered numeric value with NaN retained,rowwise present; Linear: no numeric transform; none; XGB: no log/banding/thermometer/z-score,Linear: no median; missing encoded all-zero plus conditional NA indicator. XGB: none; native NaN,Linear: form_minicog_assessed__na iff training has any nonfinite source value; constant/duplicate columns may be dropped. XGB: no added NA indicator,Linear: every surviving column z=(v-training_mean)/training_population_sd(ddof=0); sd fallback1. XGB: none,"Each inner-training fold: medians, NA schema, raw nominal levels, duplicate/constant keep-mask, mean/sd. Shared lambda grid learned on outer training incl. inner validation labels. Global eligibility already fixed.",Design refit on outer-training rows; outer holdout transform only. Final development design fit on all usable rows. Global coverage/timing/type and outcome AUROC gates precede outer folds.,LOCAL_DESIGN_YES; GLOBAL_OUTCOME_SCREEN_NO,"raw=MiniCog_Date; missing_semantics=no_event; configs/meuhedet/phase2_features.yaml:84; synthetic null seed26 only: class=SAFE_VERIFIED, OLD=True, ALL=True, SAFE=True; real-run eligibility/levels/columns unknown"
cog_minicog_score,ordinal,"Linear: cumulative >= thresholds [1.0, 2.0, 3.0, 4.0, 5.0]; XGB: one raw ordinal numeric column",rowwise copy; Linear: no numeric transform; thermometer; XGB: no log/banding/thermometer/z-score,Linear: no median; missing encoded all-zero plus conditional NA indicator. XGB: none; native NaN,Linear: cog_minicog_score__na iff training has any nonfinite source value; constant/duplicate columns may be dropped. XGB: no added NA indicator,Linear: every surviving column z=(v-training_mean)/training_population_sd(ddof=0); sd fallback1. XGB: none,"Each inner-training fold: medians, NA schema, raw nominal levels, duplicate/constant keep-mask, mean/sd. Shared lambda grid learned on outer training incl. inner validation labels. Global eligibility already fixed.",Design refit on outer-training rows; outer holdout transform only. Final development design fit on all usable rows. Global coverage/timing/type and outcome AUROC gates precede outer folds.,LOCAL_DESIGN_YES; GLOBAL_OUTCOME_SCREEN_NO,"raw=MiniCog_Score; missing_semantics=not_assessed; configs/meuhedet/phase2_features.yaml:85; synthetic null seed26 only: class=SAFE_VERIFIED, OLD=True, ALL=True, SAFE=True; real-run eligibility/levels/columns unknown"
cog_minicog_abnormal,binary,Linear: 1 iff finite value==1 else 0; XGB: engineered numeric value with NaN retained,rowwise flag_lt threshold=3; Linear: no numeric transform; none; XGB: no log/banding/thermometer/z-score,Linear: no median; missing encoded all-zero plus conditional NA indicator. XGB: none; native NaN,Linear: cog_minicog_abnormal__na iff training has any nonfinite source value; constant/duplicate columns may be dropped. XGB: no added NA indicator,Linear: every surviving column z=(v-training_mean)/training_population_sd(ddof=0); sd fallback1. XGB: none,"Each inner-training fold: medians, NA schema, raw nominal levels, duplicate/constant keep-mask, mean/sd. Shared lambda grid learned on outer training incl. inner validation labels. Global eligibility already fixed.",Design refit on outer-training rows; outer holdout transform only. Final development design fit on all usable rows. Global coverage/timing/type and outcome AUROC gates precede outer folds.,LOCAL_DESIGN_YES; GLOBAL_OUTCOME_SCREEN_NO,"raw=MiniCog_Score; missing_semantics=not_assessed; configs/meuhedet/phase2_features.yaml:86; synthetic null seed26 only: class=SAFE_VERIFIED, OLD=True, ALL=True, SAFE=True; real-run eligibility/levels/columns unknown"
cog_minicog_days_since,days,Linear and XGB: single numeric column,"rowwise days_since; Linear: log(1+max(x,0)); XGB: no log/banding/thermometer/z-score",Linear: median of finite transformed inner/outer training values; all-missing fallback 0. XGB: none; native NaN,Linear: cog_minicog_days_since__na iff training has any nonfinite source value; constant/duplicate columns may be dropped. XGB: no added NA indicator,Linear: every surviving column z=(v-training_mean)/training_population_sd(ddof=0); sd fallback1. XGB: none,"Each inner-training fold: medians, NA schema, raw nominal levels, duplicate/constant keep-mask, mean/sd. Shared lambda grid learned on outer training incl. inner validation labels. Global eligibility already fixed.",Design refit on outer-training rows; outer holdout transform only. Final development design fit on all usable rows. Global coverage/timing/type and outcome AUROC gates precede outer folds.,LOCAL_DESIGN_YES; GLOBAL_OUTCOME_SCREEN_NO,"raw=MiniCog_Date; missing_semantics=not_assessed; configs/meuhedet/phase2_features.yaml:87; synthetic null seed26 only: class=SAFE_VERIFIED, OLD=True, ALL=True, SAFE=True; real-run eligibility/levels/columns unknown"
cog_nurse_impairment,binary,Linear: 1 iff finite value==1 else 0; XGB: engineered numeric value with NaN retained,rowwise copy; Linear: no numeric transform; none; XGB: no log/banding/thermometer/z-score,Linear: no median; missing encoded all-zero plus conditional NA indicator. XGB: none; native NaN,Linear: cog_nurse_impairment__na iff training has any nonfinite source value; constant/duplicate columns may be dropped. XGB: no added NA indicator,Linear: every surviving column z=(v-training_mean)/training_population_sd(ddof=0); sd fallback1. XGB: none,"Each inner-training fold: medians, NA schema, raw nominal levels, duplicate/constant keep-mask, mean/sd. Shared lambda grid learned on outer training incl. inner validation labels. Global eligibility already fixed.",Design refit on outer-training rows; outer holdout transform only. Final development design fit on all usable rows. Global coverage/timing/type and outcome AUROC gates precede outer folds.,LOCAL_DESIGN_YES; GLOBAL_OUTCOME_SCREEN_NO,"raw=Cognitive_Impairment_Nurse_Ind; missing_semantics=not_assessed; configs/meuhedet/phase2_features.yaml:88; synthetic null seed26 only: class=SAFE_VERIFIED, OLD=True, ALL=True, SAFE=True; real-run eligibility/levels/columns unknown"
med_polypharmacy_5plus,binary,Linear: 1 iff finite value==1 else 0; XGB: engineered numeric value with NaN retained,rowwise copy; Linear: no numeric transform; none; XGB: no log/banding/thermometer/z-score,Linear: no median; missing encoded all-zero plus conditional NA indicator. XGB: none; native NaN,Linear: med_polypharmacy_5plus__na iff training has any nonfinite source value; constant/duplicate columns may be dropped. XGB: no added NA indicator,Linear: every surviving column z=(v-training_mean)/training_population_sd(ddof=0); sd fallback1. XGB: none,"Each inner-training fold: medians, NA schema, raw nominal levels, duplicate/constant keep-mask, mean/sd. Shared lambda grid learned on outer training incl. inner validation labels. Global eligibility already fixed.",Design refit on outer-training rows; outer holdout transform only. Final development design fit on all usable rows. Global coverage/timing/type and outcome AUROC gates precede outer folds.,LOCAL_DESIGN_YES; GLOBAL_OUTCOME_SCREEN_NO,"raw=Polypharmacy_5Plus_Ind; missing_semantics=source_absent; configs/meuhedet/phase2_features.yaml:90; synthetic null seed26 only: class=SAFE_ATTESTED, OLD=True, ALL=True, SAFE=True; real-run eligibility/levels/columns unknown"
med_polypharmacy_10plus,binary,Linear: 1 iff finite value==1 else 0; XGB: engineered numeric value with NaN retained,rowwise copy; Linear: no numeric transform; none; XGB: no log/banding/thermometer/z-score,Linear: no median; missing encoded all-zero plus conditional NA indicator. XGB: none; native NaN,Linear: med_polypharmacy_10plus__na iff training has any nonfinite source value; constant/duplicate columns may be dropped. XGB: no added NA indicator,Linear: every surviving column z=(v-training_mean)/training_population_sd(ddof=0); sd fallback1. XGB: none,"Each inner-training fold: medians, NA schema, raw nominal levels, duplicate/constant keep-mask, mean/sd. Shared lambda grid learned on outer training incl. inner validation labels. Global eligibility already fixed.",Design refit on outer-training rows; outer holdout transform only. Final development design fit on all usable rows. Global coverage/timing/type and outcome AUROC gates precede outer folds.,LOCAL_DESIGN_YES; GLOBAL_OUTCOME_SCREEN_NO,"raw=Polypharmacy_10Plus_Ind; missing_semantics=source_absent; configs/meuhedet/phase2_features.yaml:91; synthetic null seed26 only: class=SAFE_ATTESTED, OLD=True, ALL=True, SAFE=True; real-run eligibility/levels/columns unknown"
med_narcotic_count,count,Linear and XGB: single numeric column,"rowwise copy; Linear: log(1+max(x,0)); XGB: no log/banding/thermometer/z-score",Linear: median of finite transformed inner/outer training values; all-missing fallback 0. XGB: none; native NaN,Linear: med_narcotic_count__na iff training has any nonfinite source value; constant/duplicate columns may be dropped. XGB: no added NA indicator,Linear: every surviving column z=(v-training_mean)/training_population_sd(ddof=0); sd fallback1. XGB: none,"Each inner-training fold: medians, NA schema, raw nominal levels, duplicate/constant keep-mask, mean/sd. Shared lambda grid learned on outer training incl. inner validation labels. Global eligibility already fixed.",Design refit on outer-training rows; outer holdout transform only. Final development design fit on all usable rows. Global coverage/timing/type and outcome AUROC gates precede outer folds.,LOCAL_DESIGN_YES; GLOBAL_OUTCOME_SCREEN_NO,"raw=Narcotic_Drug_Count; missing_semantics=source_absent; configs/meuhedet/phase2_features.yaml:92; synthetic null seed26 only: class=SAFE_ATTESTED, OLD=True, ALL=True, SAFE=True; real-run eligibility/levels/columns unknown"
med_narcotic_any,binary,Linear: 1 iff finite value==1 else 0; XGB: engineered numeric value with NaN retained,rowwise flag_ge threshold=1; Linear: no numeric transform; none; XGB: no log/banding/thermometer/z-score,Linear: no median; missing encoded all-zero plus conditional NA indicator. XGB: none; native NaN,Linear: med_narcotic_any__na iff training has any nonfinite source value; constant/duplicate columns may be dropped. XGB: no added NA indicator,Linear: every surviving column z=(v-training_mean)/training_population_sd(ddof=0); sd fallback1. XGB: none,"Each inner-training fold: medians, NA schema, raw nominal levels, duplicate/constant keep-mask, mean/sd. Shared lambda grid learned on outer training incl. inner validation labels. Global eligibility already fixed.",Design refit on outer-training rows; outer holdout transform only. Final development design fit on all usable rows. Global coverage/timing/type and outcome AUROC gates precede outer folds.,LOCAL_DESIGN_YES; GLOBAL_OUTCOME_SCREEN_NO,"raw=Narcotic_Drug_Count; missing_semantics=source_absent; configs/meuhedet/phase2_features.yaml:93; synthetic null seed26 only: class=SAFE_ATTESTED, OLD=True, ALL=True, SAFE=True; real-run eligibility/levels/columns unknown"
med_not_collected_365d,count,Linear and XGB: single numeric column,"rowwise copy; Linear: log(1+max(x,0)); XGB: no log/banding/thermometer/z-score",Linear: median of finite transformed inner/outer training values; all-missing fallback 0. XGB: none; native NaN,Linear: med_not_collected_365d__na iff training has any nonfinite source value; constant/duplicate columns may be dropped. XGB: no added NA indicator,Linear: every surviving column z=(v-training_mean)/training_population_sd(ddof=0); sd fallback1. XGB: none,"Each inner-training fold: medians, NA schema, raw nominal levels, duplicate/constant keep-mask, mean/sd. Shared lambda grid learned on outer training incl. inner validation labels. Global eligibility already fixed.",Design refit on outer-training rows; outer holdout transform only. Final development design fit on all usable rows. Global coverage/timing/type and outcome AUROC gates precede outer folds.,LOCAL_DESIGN_YES; GLOBAL_OUTCOME_SCREEN_NO,"raw=Prescribed_Not_Collected_365D; missing_semantics=source_absent; configs/meuhedet/phase2_features.yaml:94; synthetic null seed26 only: class=SAFE_ATTESTED, OLD=True, ALL=True, SAFE=True; real-run eligibility/levels/columns unknown"
med_bought_outside_365d,count,Linear and XGB: single numeric column,"rowwise copy; Linear: log(1+max(x,0)); XGB: no log/banding/thermometer/z-score",Linear: median of finite transformed inner/outer training values; all-missing fallback 0. XGB: none; native NaN,Linear: med_bought_outside_365d__na iff training has any nonfinite source value; constant/duplicate columns may be dropped. XGB: no added NA indicator,Linear: every surviving column z=(v-training_mean)/training_population_sd(ddof=0); sd fallback1. XGB: none,"Each inner-training fold: medians, NA schema, raw nominal levels, duplicate/constant keep-mask, mean/sd. Shared lambda grid learned on outer training incl. inner validation labels. Global eligibility already fixed.",Design refit on outer-training rows; outer holdout transform only. Final development design fit on all usable rows. Global coverage/timing/type and outcome AUROC gates precede outer folds.,LOCAL_DESIGN_YES; GLOBAL_OUTCOME_SCREEN_NO,"raw=Bought_Outside_Meuhedet_365D; missing_semantics=source_absent; configs/meuhedet/phase2_features.yaml:95; synthetic null seed26 only: class=SAFE_ATTESTED, OLD=True, ALL=True, SAFE=True; real-run eligibility/levels/columns unknown"
med_total_ddd,continuous,Linear and XGB: single numeric column,"rowwise copy; Linear: log(1+max(x,0)); XGB: no log/banding/thermometer/z-score",Linear: median of finite transformed inner/outer training values; all-missing fallback 0. XGB: none; native NaN,Linear: med_total_ddd__na iff training has any nonfinite source value; constant/duplicate columns may be dropped. XGB: no added NA indicator,Linear: every surviving column z=(v-training_mean)/training_population_sd(ddof=0); sd fallback1. XGB: none,"Each inner-training fold: medians, NA schema, raw nominal levels, duplicate/constant keep-mask, mean/sd. Shared lambda grid learned on outer training incl. inner validation labels. Global eligibility already fixed.",Design refit on outer-training rows; outer holdout transform only. Final development design fit on all usable rows. Global coverage/timing/type and outcome AUROC gates precede outer folds.,LOCAL_DESIGN_YES; GLOBAL_OUTCOME_SCREEN_NO,"raw=Total_DDD_Amount; missing_semantics=source_absent; configs/meuhedet/phase2_features.yaml:96; synthetic null seed26 only: class=SAFE_ATTESTED, OLD=True, ALL=True, SAFE=True; real-run eligibility/levels/columns unknown"
med_rx_written_365d,count,Linear and XGB: single numeric column,"rowwise copy; Linear: log(1+max(x,0)); XGB: no log/banding/thermometer/z-score",Linear: median of finite transformed inner/outer training values; all-missing fallback 0. XGB: none; native NaN,Linear: med_rx_written_365d__na iff training has any nonfinite source value; constant/duplicate columns may be dropped. XGB: no added NA indicator,Linear: every surviving column z=(v-training_mean)/training_population_sd(ddof=0); sd fallback1. XGB: none,"Each inner-training fold: medians, NA schema, raw nominal levels, duplicate/constant keep-mask, mean/sd. Shared lambda grid learned on outer training incl. inner validation labels. Global eligibility already fixed.",Design refit on outer-training rows; outer holdout transform only. Final development design fit on all usable rows. Global coverage/timing/type and outcome AUROC gates precede outer folds.,LOCAL_DESIGN_YES; GLOBAL_OUTCOME_SCREEN_NO,"raw=Rx_Written_365D; missing_semantics=source_absent; configs/meuhedet/phase2_features.yaml:97; synthetic null seed26 only: class=SAFE_ATTESTED, OLD=True, ALL=True, SAFE=True; real-run eligibility/levels/columns unknown"
med_rx_purchased_365d,count,Linear and XGB: single numeric column,"rowwise copy; Linear: log(1+max(x,0)); XGB: no log/banding/thermometer/z-score",Linear: median of finite transformed inner/outer training values; all-missing fallback 0. XGB: none; native NaN,Linear: med_rx_purchased_365d__na iff training has any nonfinite source value; constant/duplicate columns may be dropped. XGB: no added NA indicator,Linear: every surviving column z=(v-training_mean)/training_population_sd(ddof=0); sd fallback1. XGB: none,"Each inner-training fold: medians, NA schema, raw nominal levels, duplicate/constant keep-mask, mean/sd. Shared lambda grid learned on outer training incl. inner validation labels. Global eligibility already fixed.",Design refit on outer-training rows; outer holdout transform only. Final development design fit on all usable rows. Global coverage/timing/type and outcome AUROC gates precede outer folds.,LOCAL_DESIGN_YES; GLOBAL_OUTCOME_SCREEN_NO,"raw=Rx_Purchased_365D; missing_semantics=source_absent; configs/meuhedet/phase2_features.yaml:98; synthetic null seed26 only: class=SAFE_ATTESTED, OLD=True, ALL=True, SAFE=True; real-run eligibility/levels/columns unknown"
med_fill_ratio_365d,continuous,Linear and XGB: single numeric column,rowwise copy; Linear: no numeric transform; none; XGB: no log/banding/thermometer/z-score,Linear: median of finite transformed inner/outer training values; all-missing fallback 0. XGB: none; native NaN,Linear: med_fill_ratio_365d__na iff training has any nonfinite source value; constant/duplicate columns may be dropped. XGB: no added NA indicator,Linear: every surviving column z=(v-training_mean)/training_population_sd(ddof=0); sd fallback1. XGB: none,"Each inner-training fold: medians, NA schema, raw nominal levels, duplicate/constant keep-mask, mean/sd. Shared lambda grid learned on outer training incl. inner validation labels. Global eligibility already fixed.",Design refit on outer-training rows; outer holdout transform only. Final development design fit on all usable rows. Global coverage/timing/type and outcome AUROC gates precede outer folds.,LOCAL_DESIGN_YES; GLOBAL_OUTCOME_SCREEN_NO,"raw=Prescription_Fill_Ratio_365D; missing_semantics=no_event; configs/meuhedet/phase2_features.yaml:99; synthetic null seed26 only: class=SAFE_ATTESTED, OLD=True, ALL=True, SAFE=True; real-run eligibility/levels/columns unknown"
med_nurse_polypharmacy,binary,Linear: 1 iff finite value==1 else 0; XGB: engineered numeric value with NaN retained,rowwise copy; Linear: no numeric transform; none; XGB: no log/banding/thermometer/z-score,Linear: no median; missing encoded all-zero plus conditional NA indicator. XGB: none; native NaN,Linear: med_nurse_polypharmacy__na iff training has any nonfinite source value; constant/duplicate columns may be dropped. XGB: no added NA indicator,Linear: every surviving column z=(v-training_mean)/training_population_sd(ddof=0); sd fallback1. XGB: none,"Each inner-training fold: medians, NA schema, raw nominal levels, duplicate/constant keep-mask, mean/sd. Shared lambda grid learned on outer training incl. inner validation labels. Global eligibility already fixed.",Design refit on outer-training rows; outer holdout transform only. Final development design fit on all usable rows. Global coverage/timing/type and outcome AUROC gates precede outer folds.,LOCAL_DESIGN_YES; GLOBAL_OUTCOME_SCREEN_NO,"raw=Polypharmacy_Nurse_Ind; missing_semantics=not_assessed; configs/meuhedet/phase2_features.yaml:100; synthetic null seed26 only: class=SAFE_VERIFIED, OLD=True, ALL=True, SAFE=True; real-run eligibility/levels/columns unknown"
form_mefi_assessed,binary,Linear: 1 iff finite value==1 else 0; XGB: engineered numeric value with NaN retained,rowwise present; Linear: no numeric transform; none; XGB: no log/banding/thermometer/z-score,Linear: no median; missing encoded all-zero plus conditional NA indicator. XGB: none; native NaN,Linear: form_mefi_assessed__na iff training has any nonfinite source value; constant/duplicate columns may be dropped. XGB: no added NA indicator,Linear: every surviving column z=(v-training_mean)/training_population_sd(ddof=0); sd fallback1. XGB: none,"Each inner-training fold: medians, NA schema, raw nominal levels, duplicate/constant keep-mask, mean/sd. Shared lambda grid learned on outer training incl. inner validation labels. Global eligibility already fixed.",Design refit on outer-training rows; outer holdout transform only. Final development design fit on all usable rows. Global coverage/timing/type and outcome AUROC gates precede outer folds.,LOCAL_DESIGN_YES; GLOBAL_OUTCOME_SCREEN_NO,"raw=MEFI_From_Date; missing_semantics=no_event; configs/meuhedet/phase2_features.yaml:102; synthetic null seed26 only: class=SAFE_VERIFIED, OLD=True, ALL=True, SAFE=True; real-run eligibility/levels/columns unknown"
frail_mefi_group,ordinal,"Linear: cumulative >= thresholds [2.0, 3.0, 4.0]; XGB: one raw ordinal numeric column",rowwise copy; Linear: no numeric transform; thermometer; XGB: no log/banding/thermometer/z-score,Linear: no median; missing encoded all-zero plus conditional NA indicator. XGB: none; native NaN,Linear: frail_mefi_group__na iff training has any nonfinite source value; constant/duplicate columns may be dropped. XGB: no added NA indicator,Linear: every surviving column z=(v-training_mean)/training_population_sd(ddof=0); sd fallback1. XGB: none,"Each inner-training fold: medians, NA schema, raw nominal levels, duplicate/constant keep-mask, mean/sd. Shared lambda grid learned on outer training incl. inner validation labels. Global eligibility already fixed.",Design refit on outer-training rows; outer holdout transform only. Final development design fit on all usable rows. Global coverage/timing/type and outcome AUROC gates precede outer folds.,LOCAL_DESIGN_YES; GLOBAL_OUTCOME_SCREEN_NO,"raw=MEFI_Group_At_Index; missing_semantics=not_assessed; configs/meuhedet/phase2_features.yaml:103; synthetic null seed26 only: class=SAFE_VERIFIED, OLD=True, ALL=True, SAFE=True; real-run eligibility/levels/columns unknown"
frail_mefi_prev_group,ordinal,"Linear: cumulative >= thresholds [2.0, 3.0, 4.0]; XGB: one raw ordinal numeric column",rowwise copy; Linear: no numeric transform; thermometer; XGB: no log/banding/thermometer/z-score,Linear: no median; missing encoded all-zero plus conditional NA indicator. XGB: none; native NaN,Linear: frail_mefi_prev_group__na iff training has any nonfinite source value; constant/duplicate columns may be dropped. XGB: no added NA indicator,Linear: every surviving column z=(v-training_mean)/training_population_sd(ddof=0); sd fallback1. XGB: none,"Each inner-training fold: medians, NA schema, raw nominal levels, duplicate/constant keep-mask, mean/sd. Shared lambda grid learned on outer training incl. inner validation labels. Global eligibility already fixed.",Design refit on outer-training rows; outer holdout transform only. Final development design fit on all usable rows. Global coverage/timing/type and outcome AUROC gates precede outer folds.,LOCAL_DESIGN_YES; GLOBAL_OUTCOME_SCREEN_NO,"raw=MEFI_Prev_Group; missing_semantics=no_event; configs/meuhedet/phase2_features.yaml:104; synthetic null seed26 only: class=SAFE_VERIFIED, OLD=True, ALL=True, SAFE=True; real-run eligibility/levels/columns unknown"
frail_mefi_worsened,binary,Linear: 1 iff finite value==1 else 0; XGB: engineered numeric value with NaN retained,rowwise copy; Linear: no numeric transform; none; XGB: no log/banding/thermometer/z-score,Linear: no median; missing encoded all-zero plus conditional NA indicator. XGB: none; native NaN,Linear: frail_mefi_worsened__na iff training has any nonfinite source value; constant/duplicate columns may be dropped. XGB: no added NA indicator,Linear: every surviving column z=(v-training_mean)/training_population_sd(ddof=0); sd fallback1. XGB: none,"Each inner-training fold: medians, NA schema, raw nominal levels, duplicate/constant keep-mask, mean/sd. Shared lambda grid learned on outer training incl. inner validation labels. Global eligibility already fixed.",Design refit on outer-training rows; outer holdout transform only. Final development design fit on all usable rows. Global coverage/timing/type and outcome AUROC gates precede outer folds.,LOCAL_DESIGN_YES; GLOBAL_OUTCOME_SCREEN_NO,"raw=MEFI_Worsened_Ind; missing_semantics=no_event; configs/meuhedet/phase2_features.yaml:105; synthetic null seed26 only: class=SAFE_VERIFIED, OLD=True, ALL=True, SAFE=True; real-run eligibility/levels/columns unknown"
frail_mefi_days_since_assessment,days,Linear and XGB: single numeric column,"rowwise copy; Linear: log(1+max(x,0)); XGB: no log/banding/thermometer/z-score",Linear: median of finite transformed inner/outer training values; all-missing fallback 0. XGB: none; native NaN,Linear: frail_mefi_days_since_assessment__na iff training has any nonfinite source value; constant/duplicate columns may be dropped. XGB: no added NA indicator,Linear: every surviving column z=(v-training_mean)/training_population_sd(ddof=0); sd fallback1. XGB: none,"Each inner-training fold: medians, NA schema, raw nominal levels, duplicate/constant keep-mask, mean/sd. Shared lambda grid learned on outer training incl. inner validation labels. Global eligibility already fixed.",Design refit on outer-training rows; outer holdout transform only. Final development design fit on all usable rows. Global coverage/timing/type and outcome AUROC gates precede outer folds.,LOCAL_DESIGN_YES; GLOBAL_OUTCOME_SCREEN_NO,"raw=Days_Since_MEFI_Assessment; missing_semantics=not_assessed; configs/meuhedet/phase2_features.yaml:106; synthetic null seed26 only: class=SAFE_ATTESTED, OLD=True, ALL=True, SAFE=True; real-run eligibility/levels/columns unknown"
frail_mefi_days_in_group,days,Linear and XGB: single numeric column,"rowwise copy; Linear: log(1+max(x,0)); XGB: no log/banding/thermometer/z-score",Linear: median of finite transformed inner/outer training values; all-missing fallback 0. XGB: none; native NaN,Linear: frail_mefi_days_in_group__na iff training has any nonfinite source value; constant/duplicate columns may be dropped. XGB: no added NA indicator,Linear: every surviving column z=(v-training_mean)/training_population_sd(ddof=0); sd fallback1. XGB: none,"Each inner-training fold: medians, NA schema, raw nominal levels, duplicate/constant keep-mask, mean/sd. Shared lambda grid learned on outer training incl. inner validation labels. Global eligibility already fixed.",Design refit on outer-training rows; outer holdout transform only. Final development design fit on all usable rows. Global coverage/timing/type and outcome AUROC gates precede outer folds.,LOCAL_DESIGN_YES; GLOBAL_OUTCOME_SCREEN_NO,"raw=Days_In_Current_MEFI_Group; missing_semantics=not_assessed; configs/meuhedet/phase2_features.yaml:107; synthetic null seed26 only: class=SAFE_VERIFIED, OLD=True, ALL=True, SAFE=True; real-run eligibility/levels/columns unknown"
frail_mefi_assessment_count,count,Linear and XGB: single numeric column,"rowwise copy; Linear: log(1+max(x,0)); XGB: no log/banding/thermometer/z-score",Linear: median of finite transformed inner/outer training values; all-missing fallback 0. XGB: none; native NaN,Linear: frail_mefi_assessment_count__na iff training has any nonfinite source value; constant/duplicate columns may be dropped. XGB: no added NA indicator,Linear: every surviving column z=(v-training_mean)/training_population_sd(ddof=0); sd fallback1. XGB: none,"Each inner-training fold: medians, NA schema, raw nominal levels, duplicate/constant keep-mask, mean/sd. Shared lambda grid learned on outer training incl. inner validation labels. Global eligibility already fixed.",Design refit on outer-training rows; outer holdout transform only. Final development design fit on all usable rows. Global coverage/timing/type and outcome AUROC gates precede outer folds.,LOCAL_DESIGN_YES; GLOBAL_OUTCOME_SCREEN_NO,"raw=MEFI_Assessment_Count; missing_semantics=unexpected; configs/meuhedet/phase2_features.yaml:108; synthetic null seed26 only: class=SAFE_ATTESTED, OLD=True, ALL=True, SAFE=True; real-run eligibility/levels/columns unknown"
form_nurse_function_assessed,binary,Linear: 1 iff finite value==1 else 0; XGB: engineered numeric value with NaN retained,rowwise present; Linear: no numeric transform; none; XGB: no log/banding/thermometer/z-score,Linear: no median; missing encoded all-zero plus conditional NA indicator. XGB: none; native NaN,Linear: form_nurse_function_assessed__na iff training has any nonfinite source value; constant/duplicate columns may be dropped. XGB: no added NA indicator,Linear: every surviving column z=(v-training_mean)/training_population_sd(ddof=0); sd fallback1. XGB: none,"Each inner-training fold: medians, NA schema, raw nominal levels, duplicate/constant keep-mask, mean/sd. Shared lambda grid learned on outer training incl. inner validation labels. Global eligibility already fixed.",Design refit on outer-training rows; outer holdout transform only. Final development design fit on all usable rows. Global coverage/timing/type and outcome AUROC gates precede outer folds.,LOCAL_DESIGN_YES; GLOBAL_OUTCOME_SCREEN_NO,"raw=Mobility_Assessment_Date; missing_semantics=no_event; configs/meuhedet/phase2_features.yaml:110; synthetic null seed26 only: class=SAFE_VERIFIED, OLD=True, ALL=True, SAFE=True; real-run eligibility/levels/columns unknown"
form_nurse_gug_assessed,binary,Linear: 1 iff finite value==1 else 0; XGB: engineered numeric value with NaN retained,rowwise present; Linear: no numeric transform; none; XGB: no log/banding/thermometer/z-score,Linear: no median; missing encoded all-zero plus conditional NA indicator. XGB: none; native NaN,Linear: form_nurse_gug_assessed__na iff training has any nonfinite source value; constant/duplicate columns may be dropped. XGB: no added NA indicator,Linear: every surviving column z=(v-training_mean)/training_population_sd(ddof=0); sd fallback1. XGB: none,"Each inner-training fold: medians, NA schema, raw nominal levels, duplicate/constant keep-mask, mean/sd. Shared lambda grid learned on outer training incl. inner validation labels. Global eligibility already fixed.",Design refit on outer-training rows; outer holdout transform only. Final development design fit on all usable rows. Global coverage/timing/type and outcome AUROC gates precede outer folds.,LOCAL_DESIGN_YES; GLOBAL_OUTCOME_SCREEN_NO,"raw=Get_Up_And_Go_Date; missing_semantics=no_event; configs/meuhedet/phase2_features.yaml:111; synthetic null seed26 only: class=SAFE_VERIFIED, OLD=True, ALL=True, SAFE=True; real-run eligibility/levels/columns unknown"
func_adl_worst,ordinal,"Linear: cumulative >= thresholds [1.0, 2.0, 3.0, 4.0]; XGB: one raw ordinal numeric column",rowwise copy; Linear: no numeric transform; thermometer; XGB: no log/banding/thermometer/z-score,Linear: no median; missing encoded all-zero plus conditional NA indicator. XGB: none; native NaN,Linear: func_adl_worst__na iff training has any nonfinite source value; constant/duplicate columns may be dropped. XGB: no added NA indicator,Linear: every surviving column z=(v-training_mean)/training_population_sd(ddof=0); sd fallback1. XGB: none,"Each inner-training fold: medians, NA schema, raw nominal levels, duplicate/constant keep-mask, mean/sd. Shared lambda grid learned on outer training incl. inner validation labels. Global eligibility already fixed.",Design refit on outer-training rows; outer holdout transform only. Final development design fit on all usable rows. Global coverage/timing/type and outcome AUROC gates precede outer folds.,LOCAL_DESIGN_YES; GLOBAL_OUTCOME_SCREEN_NO,"raw=ADL_Worst_Domain_Score; missing_semantics=not_assessed; configs/meuhedet/phase2_features.yaml:112; synthetic null seed26 only: class=SAFE_VERIFIED, OLD=True, ALL=True, SAFE=True; real-run eligibility/levels/columns unknown"
func_transfer_dependency,ordinal,"Linear: cumulative >= thresholds [1.0, 2.0, 3.0, 4.0]; XGB: one raw ordinal numeric column",rowwise copy; Linear: no numeric transform; thermometer; XGB: no log/banding/thermometer/z-score,Linear: no median; missing encoded all-zero plus conditional NA indicator. XGB: none; native NaN,Linear: func_transfer_dependency__na iff training has any nonfinite source value; constant/duplicate columns may be dropped. XGB: no added NA indicator,Linear: every surviving column z=(v-training_mean)/training_population_sd(ddof=0); sd fallback1. XGB: none,"Each inner-training fold: medians, NA schema, raw nominal levels, duplicate/constant keep-mask, mean/sd. Shared lambda grid learned on outer training incl. inner validation labels. Global eligibility already fixed.",Design refit on outer-training rows; outer holdout transform only. Final development design fit on all usable rows. Global coverage/timing/type and outcome AUROC gates precede outer folds.,LOCAL_DESIGN_YES; GLOBAL_OUTCOME_SCREEN_NO,"raw=Transfer_Dependency_Score; missing_semantics=not_assessed; configs/meuhedet/phase2_features.yaml:113; synthetic null seed26 only: class=SAFE_VERIFIED, OLD=True, ALL=True, SAFE=True; real-run eligibility/levels/columns unknown"
func_mobility_score,ordinal,"Linear: cumulative >= thresholds [1.0, 2.0, 3.0]; XGB: one raw ordinal numeric column",rowwise copy; Linear: no numeric transform; thermometer; XGB: no log/banding/thermometer/z-score,Linear: no median; missing encoded all-zero plus conditional NA indicator. XGB: none; native NaN,Linear: func_mobility_score__na iff training has any nonfinite source value; constant/duplicate columns may be dropped. XGB: no added NA indicator,Linear: every surviving column z=(v-training_mean)/training_population_sd(ddof=0); sd fallback1. XGB: none,"Each inner-training fold: medians, NA schema, raw nominal levels, duplicate/constant keep-mask, mean/sd. Shared lambda grid learned on outer training incl. inner validation labels. Global eligibility already fixed.",Design refit on outer-training rows; outer holdout transform only. Final development design fit on all usable rows. Global coverage/timing/type and outcome AUROC gates precede outer folds.,LOCAL_DESIGN_YES; GLOBAL_OUTCOME_SCREEN_NO,"raw=Mobility_Score; missing_semantics=not_assessed; configs/meuhedet/phase2_features.yaml:114; synthetic null seed26 only: class=SAFE_VERIFIED, OLD=True, ALL=True, SAFE=True; real-run eligibility/levels/columns unknown"
func_confined_chair_bed,binary,Linear: 1 iff finite value==1 else 0; XGB: engineered numeric value with NaN retained,rowwise copy; Linear: no numeric transform; none; XGB: no log/banding/thermometer/z-score,Linear: no median; missing encoded all-zero plus conditional NA indicator. XGB: none; native NaN,Linear: func_confined_chair_bed__na iff training has any nonfinite source value; constant/duplicate columns may be dropped. XGB: no added NA indicator,Linear: every surviving column z=(v-training_mean)/training_population_sd(ddof=0); sd fallback1. XGB: none,"Each inner-training fold: medians, NA schema, raw nominal levels, duplicate/constant keep-mask, mean/sd. Shared lambda grid learned on outer training incl. inner validation labels. Global eligibility already fixed.",Design refit on outer-training rows; outer holdout transform only. Final development design fit on all usable rows. Global coverage/timing/type and outcome AUROC gates precede outer folds.,LOCAL_DESIGN_YES; GLOBAL_OUTCOME_SCREEN_NO,"raw=Confined_To_Chair_Bed_Ind; missing_semantics=not_assessed; configs/meuhedet/phase2_features.yaml:115; synthetic null seed26 only: class=SAFE_VERIFIED, OLD=True, ALL=True, SAFE=True; real-run eligibility/levels/columns unknown"
func_walking_aid,binary,Linear: 1 iff finite value==1 else 0; XGB: engineered numeric value with NaN retained,rowwise copy; Linear: no numeric transform; none; XGB: no log/banding/thermometer/z-score,Linear: no median; missing encoded all-zero plus conditional NA indicator. XGB: none; native NaN,Linear: func_walking_aid__na iff training has any nonfinite source value; constant/duplicate columns may be dropped. XGB: no added NA indicator,Linear: every surviving column z=(v-training_mean)/training_population_sd(ddof=0); sd fallback1. XGB: none,"Each inner-training fold: medians, NA schema, raw nominal levels, duplicate/constant keep-mask, mean/sd. Shared lambda grid learned on outer training incl. inner validation labels. Global eligibility already fixed.",Design refit on outer-training rows; outer holdout transform only. Final development design fit on all usable rows. Global coverage/timing/type and outcome AUROC gates precede outer folds.,LOCAL_DESIGN_YES; GLOBAL_OUTCOME_SCREEN_NO,"raw=Uses_Walking_Aid_Ind; missing_semantics=not_assessed; configs/meuhedet/phase2_features.yaml:116; synthetic null seed26 only: class=SAFE_VERIFIED, OLD=True, ALL=True, SAFE=True; real-run eligibility/levels/columns unknown"
func_balance_disorder,binary,Linear: 1 iff finite value==1 else 0; XGB: engineered numeric value with NaN retained,rowwise copy; Linear: no numeric transform; none; XGB: no log/banding/thermometer/z-score,Linear: no median; missing encoded all-zero plus conditional NA indicator. XGB: none; native NaN,Linear: func_balance_disorder__na iff training has any nonfinite source value; constant/duplicate columns may be dropped. XGB: no added NA indicator,Linear: every surviving column z=(v-training_mean)/training_population_sd(ddof=0); sd fallback1. XGB: none,"Each inner-training fold: medians, NA schema, raw nominal levels, duplicate/constant keep-mask, mean/sd. Shared lambda grid learned on outer training incl. inner validation labels. Global eligibility already fixed.",Design refit on outer-training rows; outer holdout transform only. Final development design fit on all usable rows. Global coverage/timing/type and outcome AUROC gates precede outer folds.,LOCAL_DESIGN_YES; GLOBAL_OUTCOME_SCREEN_NO,"raw=Balance_Disorder_Ind; missing_semantics=not_assessed; configs/meuhedet/phase2_features.yaml:117; synthetic null seed26 only: class=SAFE_VERIFIED, OLD=True, ALL=True, SAFE=True; real-run eligibility/levels/columns unknown"
func_shuffling_gait,binary,Linear: 1 iff finite value==1 else 0; XGB: engineered numeric value with NaN retained,rowwise copy; Linear: no numeric transform; none; XGB: no log/banding/thermometer/z-score,Linear: no median; missing encoded all-zero plus conditional NA indicator. XGB: none; native NaN,Linear: func_shuffling_gait__na iff training has any nonfinite source value; constant/duplicate columns may be dropped. XGB: no added NA indicator,Linear: every surviving column z=(v-training_mean)/training_population_sd(ddof=0); sd fallback1. XGB: none,"Each inner-training fold: medians, NA schema, raw nominal levels, duplicate/constant keep-mask, mean/sd. Shared lambda grid learned on outer training incl. inner validation labels. Global eligibility already fixed.",Design refit on outer-training rows; outer holdout transform only. Final development design fit on all usable rows. Global coverage/timing/type and outcome AUROC gates precede outer folds.,LOCAL_DESIGN_YES; GLOBAL_OUTCOME_SCREEN_NO,"raw=Shuffling_Gait_Ind; missing_semantics=not_assessed; configs/meuhedet/phase2_features.yaml:118; synthetic null seed26 only: class=SAFE_VERIFIED, OLD=True, ALL=True, SAFE=True; real-run eligibility/levels/columns unknown"
func_hesitant_gait,binary,Linear: 1 iff finite value==1 else 0; XGB: engineered numeric value with NaN retained,rowwise copy; Linear: no numeric transform; none; XGB: no log/banding/thermometer/z-score,Linear: no median; missing encoded all-zero plus conditional NA indicator. XGB: none; native NaN,Linear: func_hesitant_gait__na iff training has any nonfinite source value; constant/duplicate columns may be dropped. XGB: no added NA indicator,Linear: every surviving column z=(v-training_mean)/training_population_sd(ddof=0); sd fallback1. XGB: none,"Each inner-training fold: medians, NA schema, raw nominal levels, duplicate/constant keep-mask, mean/sd. Shared lambda grid learned on outer training incl. inner validation labels. Global eligibility already fixed.",Design refit on outer-training rows; outer holdout transform only. Final development design fit on all usable rows. Global coverage/timing/type and outcome AUROC gates precede outer folds.,LOCAL_DESIGN_YES; GLOBAL_OUTCOME_SCREEN_NO,"raw=Hesitant_Gait_Ind; missing_semantics=not_assessed; configs/meuhedet/phase2_features.yaml:119; synthetic null seed26 only: class=SAFE_VERIFIED, OLD=True, ALL=True, SAFE=True; real-run eligibility/levels/columns unknown"
func_gait_any_abnormal,binary,Linear: 1 iff finite value==1 else 0; XGB: engineered numeric value with NaN retained,rowwise any_positive; Linear: no numeric transform; none; XGB: no log/banding/thermometer/z-score,Linear: no median; missing encoded all-zero plus conditional NA indicator. XGB: none; native NaN,Linear: func_gait_any_abnormal__na iff training has any nonfinite source value; constant/duplicate columns may be dropped. XGB: no added NA indicator,Linear: every surviving column z=(v-training_mean)/training_population_sd(ddof=0); sd fallback1. XGB: none,"Each inner-training fold: medians, NA schema, raw nominal levels, duplicate/constant keep-mask, mean/sd. Shared lambda grid learned on outer training incl. inner validation labels. Global eligibility already fixed.",Design refit on outer-training rows; outer holdout transform only. Final development design fit on all usable rows. Global coverage/timing/type and outcome AUROC gates precede outer folds.,LOCAL_DESIGN_YES; GLOBAL_OUTCOME_SCREEN_NO,"raw=Balance_Disorder_Ind,Shuffling_Gait_Ind,Hesitant_Gait_Ind; missing_semantics=not_assessed; configs/meuhedet/phase2_features.yaml:120; synthetic null seed26 only: class=SAFE_VERIFIED, OLD=True, ALL=True, SAFE=True; real-run eligibility/levels/columns unknown"
func_muscle_weakness,binary,Linear: 1 iff finite value==1 else 0; XGB: engineered numeric value with NaN retained,rowwise copy; Linear: no numeric transform; none; XGB: no log/banding/thermometer/z-score,Linear: no median; missing encoded all-zero plus conditional NA indicator. XGB: none; native NaN,Linear: func_muscle_weakness__na iff training has any nonfinite source value; constant/duplicate columns may be dropped. XGB: no added NA indicator,Linear: every surviving column z=(v-training_mean)/training_population_sd(ddof=0); sd fallback1. XGB: none,"Each inner-training fold: medians, NA schema, raw nominal levels, duplicate/constant keep-mask, mean/sd. Shared lambda grid learned on outer training incl. inner validation labels. Global eligibility already fixed.",Design refit on outer-training rows; outer holdout transform only. Final development design fit on all usable rows. Global coverage/timing/type and outcome AUROC gates precede outer folds.,LOCAL_DESIGN_YES; GLOBAL_OUTCOME_SCREEN_NO,"raw=Muscle_Weakness_Ind; missing_semantics=not_assessed; configs/meuhedet/phase2_features.yaml:121; synthetic null seed26 only: class=SAFE_VERIFIED, OLD=True, ALL=True, SAFE=True; real-run eligibility/levels/columns unknown"
func_gug_days_since,days,Linear and XGB: single numeric column,"rowwise days_since; Linear: log(1+max(x,0)); XGB: no log/banding/thermometer/z-score",Linear: median of finite transformed inner/outer training values; all-missing fallback 0. XGB: none; native NaN,Linear: func_gug_days_since__na iff training has any nonfinite source value; constant/duplicate columns may be dropped. XGB: no added NA indicator,Linear: every surviving column z=(v-training_mean)/training_population_sd(ddof=0); sd fallback1. XGB: none,"Each inner-training fold: medians, NA schema, raw nominal levels, duplicate/constant keep-mask, mean/sd. Shared lambda grid learned on outer training incl. inner validation labels. Global eligibility already fixed.",Design refit on outer-training rows; outer holdout transform only. Final development design fit on all usable rows. Global coverage/timing/type and outcome AUROC gates precede outer folds.,LOCAL_DESIGN_YES; GLOBAL_OUTCOME_SCREEN_NO,"raw=Get_Up_And_Go_Date; missing_semantics=not_assessed; configs/meuhedet/phase2_features.yaml:122; synthetic null seed26 only: class=SAFE_VERIFIED, OLD=True, ALL=True, SAFE=True; real-run eligibility/levels/columns unknown"
func_function_form_days_since,days,Linear and XGB: single numeric column,"rowwise days_since; Linear: log(1+max(x,0)); XGB: no log/banding/thermometer/z-score",Linear: median of finite transformed inner/outer training values; all-missing fallback 0. XGB: none; native NaN,Linear: func_function_form_days_since__na iff training has any nonfinite source value; constant/duplicate columns may be dropped. XGB: no added NA indicator,Linear: every surviving column z=(v-training_mean)/training_population_sd(ddof=0); sd fallback1. XGB: none,"Each inner-training fold: medians, NA schema, raw nominal levels, duplicate/constant keep-mask, mean/sd. Shared lambda grid learned on outer training incl. inner validation labels. Global eligibility already fixed.",Design refit on outer-training rows; outer holdout transform only. Final development design fit on all usable rows. Global coverage/timing/type and outcome AUROC gates precede outer folds.,LOCAL_DESIGN_YES; GLOBAL_OUTCOME_SCREEN_NO,"raw=Mobility_Assessment_Date; missing_semantics=not_assessed; configs/meuhedet/phase2_features.yaml:123; synthetic null seed26 only: class=SAFE_VERIFIED, OLD=True, ALL=True, SAFE=True; real-run eligibility/levels/columns unknown"
falls_count_30d,count,Linear and XGB: single numeric column,"rowwise copy; Linear: log(1+max(x,0)); XGB: no log/banding/thermometer/z-score",Linear: median of finite transformed inner/outer training values; all-missing fallback 0. XGB: none; native NaN,Linear: falls_count_30d__na iff training has any nonfinite source value; constant/duplicate columns may be dropped. XGB: no added NA indicator,Linear: every surviving column z=(v-training_mean)/training_population_sd(ddof=0); sd fallback1. XGB: none,"Each inner-training fold: medians, NA schema, raw nominal levels, duplicate/constant keep-mask, mean/sd. Shared lambda grid learned on outer training incl. inner validation labels. Global eligibility already fixed.",Design refit on outer-training rows; outer holdout transform only. Final development design fit on all usable rows. Global coverage/timing/type and outcome AUROC gates precede outer folds.,LOCAL_DESIGN_YES; GLOBAL_OUTCOME_SCREEN_NO,"raw=Prior_Fall_Count_30D; missing_semantics=unexpected; configs/meuhedet/phase2_features.yaml:125; synthetic null seed26 only: class=SAFE_VERIFIED, OLD=True, ALL=True, SAFE=True; real-run eligibility/levels/columns unknown"
falls_count_90d,count,Linear and XGB: single numeric column,"rowwise copy; Linear: log(1+max(x,0)); XGB: no log/banding/thermometer/z-score",Linear: median of finite transformed inner/outer training values; all-missing fallback 0. XGB: none; native NaN,Linear: falls_count_90d__na iff training has any nonfinite source value; constant/duplicate columns may be dropped. XGB: no added NA indicator,Linear: every surviving column z=(v-training_mean)/training_population_sd(ddof=0); sd fallback1. XGB: none,"Each inner-training fold: medians, NA schema, raw nominal levels, duplicate/constant keep-mask, mean/sd. Shared lambda grid learned on outer training incl. inner validation labels. Global eligibility already fixed.",Design refit on outer-training rows; outer holdout transform only. Final development design fit on all usable rows. Global coverage/timing/type and outcome AUROC gates precede outer folds.,LOCAL_DESIGN_YES; GLOBAL_OUTCOME_SCREEN_NO,"raw=Prior_Fall_Count_90D; missing_semantics=unexpected; configs/meuhedet/phase2_features.yaml:126; synthetic null seed26 only: class=SAFE_VERIFIED, OLD=True, ALL=True, SAFE=True; real-run eligibility/levels/columns unknown"
falls_count_180d,count,Linear and XGB: single numeric column,"rowwise copy; Linear: log(1+max(x,0)); XGB: no log/banding/thermometer/z-score",Linear: median of finite transformed inner/outer training values; all-missing fallback 0. XGB: none; native NaN,Linear: falls_count_180d__na iff training has any nonfinite source value; constant/duplicate columns may be dropped. XGB: no added NA indicator,Linear: every surviving column z=(v-training_mean)/training_population_sd(ddof=0); sd fallback1. XGB: none,"Each inner-training fold: medians, NA schema, raw nominal levels, duplicate/constant keep-mask, mean/sd. Shared lambda grid learned on outer training incl. inner validation labels. Global eligibility already fixed.",Design refit on outer-training rows; outer holdout transform only. Final development design fit on all usable rows. Global coverage/timing/type and outcome AUROC gates precede outer folds.,LOCAL_DESIGN_YES; GLOBAL_OUTCOME_SCREEN_NO,"raw=Prior_Fall_Count_180D; missing_semantics=unexpected; configs/meuhedet/phase2_features.yaml:127; synthetic null seed26 only: class=SAFE_VERIFIED, OLD=True, ALL=True, SAFE=True; real-run eligibility/levels/columns unknown"
falls_count_365d,count,Linear and XGB: single numeric column,"rowwise copy; Linear: log(1+max(x,0)); XGB: no log/banding/thermometer/z-score",Linear: median of finite transformed inner/outer training values; all-missing fallback 0. XGB: none; native NaN,Linear: falls_count_365d__na iff training has any nonfinite source value; constant/duplicate columns may be dropped. XGB: no added NA indicator,Linear: every surviving column z=(v-training_mean)/training_population_sd(ddof=0); sd fallback1. XGB: none,"Each inner-training fold: medians, NA schema, raw nominal levels, duplicate/constant keep-mask, mean/sd. Shared lambda grid learned on outer training incl. inner validation labels. Global eligibility already fixed.",Design refit on outer-training rows; outer holdout transform only. Final development design fit on all usable rows. Global coverage/timing/type and outcome AUROC gates precede outer folds.,LOCAL_DESIGN_YES; GLOBAL_OUTCOME_SCREEN_NO,"raw=Prior_Fall_Count_365D; missing_semantics=unexpected; configs/meuhedet/phase2_features.yaml:128; synthetic null seed26 only: class=SAFE_VERIFIED, OLD=True, ALL=True, SAFE=True; real-run eligibility/levels/columns unknown"
falls_count_since_start,count,Linear and XGB: single numeric column,"rowwise copy; Linear: log(1+max(x,0)); XGB: no log/banding/thermometer/z-score",Linear: median of finite transformed inner/outer training values; all-missing fallback 0. XGB: none; native NaN,Linear: falls_count_since_start__na iff training has any nonfinite source value; constant/duplicate columns may be dropped. XGB: no added NA indicator,Linear: every surviving column z=(v-training_mean)/training_population_sd(ddof=0); sd fallback1. XGB: none,"Each inner-training fold: medians, NA schema, raw nominal levels, duplicate/constant keep-mask, mean/sd. Shared lambda grid learned on outer training incl. inner validation labels. Global eligibility already fixed.",Design refit on outer-training rows; outer holdout transform only. Final development design fit on all usable rows. Global coverage/timing/type and outcome AUROC gates precede outer folds.,LOCAL_DESIGN_YES; GLOBAL_OUTCOME_SCREEN_NO,"raw=Prior_Fall_Count_Since_Study_Start; missing_semantics=source_absent; configs/meuhedet/phase2_features.yaml:129; synthetic null seed26 only: class=SAFE_VERIFIED, OLD=True, ALL=True, SAFE=True; real-run eligibility/levels/columns unknown"
falls_days_since_last,days,"Linear: <=90,91-180,181-365,>365 dummies; no-prior-fall all-zero reference; XGB: raw days",rowwise copy; Linear: no numeric transform; fall_recency_bands; XGB: no log/banding/thermometer/z-score,Linear: no median; missing encoded all-zero plus conditional NA indicator. XGB: none; native NaN,Linear: falls_days_since_last__na iff training has any nonfinite source value; constant/duplicate columns may be dropped. XGB: no added NA indicator,Linear: every surviving column z=(v-training_mean)/training_population_sd(ddof=0); sd fallback1. XGB: none,"Each inner-training fold: medians, NA schema, raw nominal levels, duplicate/constant keep-mask, mean/sd. Shared lambda grid learned on outer training incl. inner validation labels. Global eligibility already fixed.",Design refit on outer-training rows; outer holdout transform only. Final development design fit on all usable rows. Global coverage/timing/type and outcome AUROC gates precede outer folds.,LOCAL_DESIGN_YES; GLOBAL_OUTCOME_SCREEN_NO,"raw=Days_Since_Last_Fall; missing_semantics=no_event; configs/meuhedet/phase2_features.yaml:130; synthetic null seed26 only: class=SAFE_VERIFIED, OLD=True, ALL=True, SAFE=True; real-run eligibility/levels/columns unknown"
falls_nurse_reported,binary,Linear: 1 iff finite value==1 else 0; XGB: engineered numeric value with NaN retained,rowwise copy; Linear: no numeric transform; none; XGB: no log/banding/thermometer/z-score,Linear: no median; missing encoded all-zero plus conditional NA indicator. XGB: none; native NaN,Linear: falls_nurse_reported__na iff training has any nonfinite source value; constant/duplicate columns may be dropped. XGB: no added NA indicator,Linear: every surviving column z=(v-training_mean)/training_population_sd(ddof=0); sd fallback1. XGB: none,"Each inner-training fold: medians, NA schema, raw nominal levels, duplicate/constant keep-mask, mean/sd. Shared lambda grid learned on outer training incl. inner validation labels. Global eligibility already fixed.",Design refit on outer-training rows; outer holdout transform only. Final development design fit on all usable rows. Global coverage/timing/type and outcome AUROC gates precede outer folds.,LOCAL_DESIGN_YES; GLOBAL_OUTCOME_SCREEN_NO,"raw=Prior_Falls_Nurse_Ind; missing_semantics=not_assessed; configs/meuhedet/phase2_features.yaml:131; synthetic null seed26 only: class=SAFE_VERIFIED, OLD=True, ALL=True, SAFE=True; real-run eligibility/levels/columns unknown"
falls_required_treatment,binary,Linear: 1 iff finite value==1 else 0; XGB: engineered numeric value with NaN retained,rowwise copy; Linear: no numeric transform; none; XGB: no log/banding/thermometer/z-score,Linear: no median; missing encoded all-zero plus conditional NA indicator. XGB: none; native NaN,Linear: falls_required_treatment__na iff training has any nonfinite source value; constant/duplicate columns may be dropped. XGB: no added NA indicator,Linear: every surviving column z=(v-training_mean)/training_population_sd(ddof=0); sd fallback1. XGB: none,"Each inner-training fold: medians, NA schema, raw nominal levels, duplicate/constant keep-mask, mean/sd. Shared lambda grid learned on outer training incl. inner validation labels. Global eligibility already fixed.",Design refit on outer-training rows; outer holdout transform only. Final development design fit on all usable rows. Global coverage/timing/type and outcome AUROC gates precede outer folds.,LOCAL_DESIGN_YES; GLOBAL_OUTCOME_SCREEN_NO,"raw=Fall_Required_Treatment_Ind; missing_semantics=not_assessed; configs/meuhedet/phase2_features.yaml:132; synthetic null seed26 only: class=SAFE_VERIFIED, OLD=True, ALL=True, SAFE=True; real-run eligibility/levels/columns unknown"
falls_at_home,binary,Linear: 1 iff finite value==1 else 0; XGB: engineered numeric value with NaN retained,rowwise copy; Linear: no numeric transform; none; XGB: no log/banding/thermometer/z-score,Linear: no median; missing encoded all-zero plus conditional NA indicator. XGB: none; native NaN,Linear: falls_at_home__na iff training has any nonfinite source value; constant/duplicate columns may be dropped. XGB: no added NA indicator,Linear: every surviving column z=(v-training_mean)/training_population_sd(ddof=0); sd fallback1. XGB: none,"Each inner-training fold: medians, NA schema, raw nominal levels, duplicate/constant keep-mask, mean/sd. Shared lambda grid learned on outer training incl. inner validation labels. Global eligibility already fixed.",Design refit on outer-training rows; outer holdout transform only. Final development design fit on all usable rows. Global coverage/timing/type and outcome AUROC gates precede outer folds.,LOCAL_DESIGN_YES; GLOBAL_OUTCOME_SCREEN_NO,"raw=Fall_Location_At_Home_Ind; missing_semantics=not_assessed; configs/meuhedet/phase2_features.yaml:133; synthetic null seed26 only: class=SAFE_VERIFIED, OLD=True, ALL=True, SAFE=True; real-run eligibility/levels/columns unknown"
form_nurse_fallrisk_assessed,binary,Linear: 1 iff finite value==1 else 0; XGB: engineered numeric value with NaN retained,rowwise present; Linear: no numeric transform; none; XGB: no log/banding/thermometer/z-score,Linear: no median; missing encoded all-zero plus conditional NA indicator. XGB: none; native NaN,Linear: form_nurse_fallrisk_assessed__na iff training has any nonfinite source value; constant/duplicate columns may be dropped. XGB: no added NA indicator,Linear: every surviving column z=(v-training_mean)/training_population_sd(ddof=0); sd fallback1. XGB: none,"Each inner-training fold: medians, NA schema, raw nominal levels, duplicate/constant keep-mask, mean/sd. Shared lambda grid learned on outer training incl. inner validation labels. Global eligibility already fixed.",Design refit on outer-training rows; outer holdout transform only. Final development design fit on all usable rows. Global coverage/timing/type and outcome AUROC gates precede outer folds.,LOCAL_DESIGN_YES; GLOBAL_OUTCOME_SCREEN_NO,"raw=Falls_Risk_Assessment_Date; missing_semantics=no_event; configs/meuhedet/phase2_features.yaml:135; synthetic null seed26 only: class=SAFE_VERIFIED, OLD=True, ALL=True, SAFE=True; real-run eligibility/levels/columns unknown"
nfr_fallrisk_score,ordinal,"Linear: cumulative >= thresholds [2.0, 3.0]; XGB: one raw ordinal numeric column",rowwise copy; Linear: no numeric transform; thermometer; XGB: no log/banding/thermometer/z-score,Linear: no median; missing encoded all-zero plus conditional NA indicator. XGB: none; native NaN,Linear: nfr_fallrisk_score__na iff training has any nonfinite source value; constant/duplicate columns may be dropped. XGB: no added NA indicator,Linear: every surviving column z=(v-training_mean)/training_population_sd(ddof=0); sd fallback1. XGB: none,"Each inner-training fold: medians, NA schema, raw nominal levels, duplicate/constant keep-mask, mean/sd. Shared lambda grid learned on outer training incl. inner validation labels. Global eligibility already fixed.",Design refit on outer-training rows; outer holdout transform only. Final development design fit on all usable rows. Global coverage/timing/type and outcome AUROC gates precede outer folds.,LOCAL_DESIGN_YES; GLOBAL_OUTCOME_SCREEN_NO,"raw=Falls_Risk_Assessment_Score; missing_semantics=not_assessed; configs/meuhedet/phase2_features.yaml:136; synthetic null seed26 only: class=SAFE_VERIFIED, OLD=True, ALL=True, SAFE=True; real-run eligibility/levels/columns unknown"
nfr_dizziness,binary,Linear: 1 iff finite value==1 else 0; XGB: engineered numeric value with NaN retained,rowwise copy; Linear: no numeric transform; none; XGB: no log/banding/thermometer/z-score,Linear: no median; missing encoded all-zero plus conditional NA indicator. XGB: none; native NaN,Linear: nfr_dizziness__na iff training has any nonfinite source value; constant/duplicate columns may be dropped. XGB: no added NA indicator,Linear: every surviving column z=(v-training_mean)/training_population_sd(ddof=0); sd fallback1. XGB: none,"Each inner-training fold: medians, NA schema, raw nominal levels, duplicate/constant keep-mask, mean/sd. Shared lambda grid learned on outer training incl. inner validation labels. Global eligibility already fixed.",Design refit on outer-training rows; outer holdout transform only. Final development design fit on all usable rows. Global coverage/timing/type and outcome AUROC gates precede outer folds.,LOCAL_DESIGN_YES; GLOBAL_OUTCOME_SCREEN_NO,"raw=Instability_Dizziness_Ind; missing_semantics=not_assessed; configs/meuhedet/phase2_features.yaml:137; synthetic null seed26 only: class=SAFE_VERIFIED, OLD=True, ALL=True, SAFE=True; real-run eligibility/levels/columns unknown"
nfr_fear_of_falling,binary,Linear: 1 iff finite value==1 else 0; XGB: engineered numeric value with NaN retained,rowwise copy; Linear: no numeric transform; none; XGB: no log/banding/thermometer/z-score,Linear: no median; missing encoded all-zero plus conditional NA indicator. XGB: none; native NaN,Linear: nfr_fear_of_falling__na iff training has any nonfinite source value; constant/duplicate columns may be dropped. XGB: no added NA indicator,Linear: every surviving column z=(v-training_mean)/training_population_sd(ddof=0); sd fallback1. XGB: none,"Each inner-training fold: medians, NA schema, raw nominal levels, duplicate/constant keep-mask, mean/sd. Shared lambda grid learned on outer training incl. inner validation labels. Global eligibility already fixed.",Design refit on outer-training rows; outer holdout transform only. Final development design fit on all usable rows. Global coverage/timing/type and outcome AUROC gates precede outer folds.,LOCAL_DESIGN_YES; GLOBAL_OUTCOME_SCREEN_NO,"raw=Fear_Of_Falling_Ind; missing_semantics=not_assessed; configs/meuhedet/phase2_features.yaml:138; synthetic null seed26 only: class=SAFE_VERIFIED, OLD=True, ALL=True, SAFE=True; real-run eligibility/levels/columns unknown"
nfr_orthostatic_hypotension,binary,Linear: 1 iff finite value==1 else 0; XGB: engineered numeric value with NaN retained,rowwise copy; Linear: no numeric transform; none; XGB: no log/banding/thermometer/z-score,Linear: no median; missing encoded all-zero plus conditional NA indicator. XGB: none; native NaN,Linear: nfr_orthostatic_hypotension__na iff training has any nonfinite source value; constant/duplicate columns may be dropped. XGB: no added NA indicator,Linear: every surviving column z=(v-training_mean)/training_population_sd(ddof=0); sd fallback1. XGB: none,"Each inner-training fold: medians, NA schema, raw nominal levels, duplicate/constant keep-mask, mean/sd. Shared lambda grid learned on outer training incl. inner validation labels. Global eligibility already fixed.",Design refit on outer-training rows; outer holdout transform only. Final development design fit on all usable rows. Global coverage/timing/type and outcome AUROC gates precede outer folds.,LOCAL_DESIGN_YES; GLOBAL_OUTCOME_SCREEN_NO,"raw=Orthostatic_Hypotension_Ind; missing_semantics=not_assessed; configs/meuhedet/phase2_features.yaml:139; synthetic null seed26 only: class=SAFE_VERIFIED, OLD=True, ALL=True, SAFE=True; real-run eligibility/levels/columns unknown"
nfr_vision_impairment,binary,Linear: 1 iff finite value==1 else 0; XGB: engineered numeric value with NaN retained,rowwise copy; Linear: no numeric transform; none; XGB: no log/banding/thermometer/z-score,Linear: no median; missing encoded all-zero plus conditional NA indicator. XGB: none; native NaN,Linear: nfr_vision_impairment__na iff training has any nonfinite source value; constant/duplicate columns may be dropped. XGB: no added NA indicator,Linear: every surviving column z=(v-training_mean)/training_population_sd(ddof=0); sd fallback1. XGB: none,"Each inner-training fold: medians, NA schema, raw nominal levels, duplicate/constant keep-mask, mean/sd. Shared lambda grid learned on outer training incl. inner validation labels. Global eligibility already fixed.",Design refit on outer-training rows; outer holdout transform only. Final development design fit on all usable rows. Global coverage/timing/type and outcome AUROC gates precede outer folds.,LOCAL_DESIGN_YES; GLOBAL_OUTCOME_SCREEN_NO,"raw=Vision_Impairment_Nurse_Ind; missing_semantics=not_assessed; configs/meuhedet/phase2_features.yaml:140; synthetic null seed26 only: class=SAFE_VERIFIED, OLD=True, ALL=True, SAFE=True; real-run eligibility/levels/columns unknown"
nfr_missing_sensory_aids,binary,Linear: 1 iff finite value==1 else 0; XGB: engineered numeric value with NaN retained,rowwise copy; Linear: no numeric transform; none; XGB: no log/banding/thermometer/z-score,Linear: no median; missing encoded all-zero plus conditional NA indicator. XGB: none; native NaN,Linear: nfr_missing_sensory_aids__na iff training has any nonfinite source value; constant/duplicate columns may be dropped. XGB: no added NA indicator,Linear: every surviving column z=(v-training_mean)/training_population_sd(ddof=0); sd fallback1. XGB: none,"Each inner-training fold: medians, NA schema, raw nominal levels, duplicate/constant keep-mask, mean/sd. Shared lambda grid learned on outer training incl. inner validation labels. Global eligibility already fixed.",Design refit on outer-training rows; outer holdout transform only. Final development design fit on all usable rows. Global coverage/timing/type and outcome AUROC gates precede outer folds.,LOCAL_DESIGN_YES; GLOBAL_OUTCOME_SCREEN_NO,"raw=Missing_Sensory_Aids_Ind; missing_semantics=not_assessed; configs/meuhedet/phase2_features.yaml:141; synthetic null seed26 only: class=SAFE_VERIFIED, OLD=True, ALL=True, SAFE=True; real-run eligibility/levels/columns unknown"
nfr_vision_score,ordinal,"Linear: cumulative >= thresholds [1.0, 2.0]; XGB: one raw ordinal numeric column",rowwise copy; Linear: no numeric transform; thermometer; XGB: no log/banding/thermometer/z-score,Linear: no median; missing encoded all-zero plus conditional NA indicator. XGB: none; native NaN,Linear: nfr_vision_score__na iff training has any nonfinite source value; constant/duplicate columns may be dropped. XGB: no added NA indicator,Linear: every surviving column z=(v-training_mean)/training_population_sd(ddof=0); sd fallback1. XGB: none,"Each inner-training fold: medians, NA schema, raw nominal levels, duplicate/constant keep-mask, mean/sd. Shared lambda grid learned on outer training incl. inner validation labels. Global eligibility already fixed.",Design refit on outer-training rows; outer holdout transform only. Final development design fit on all usable rows. Global coverage/timing/type and outcome AUROC gates precede outer folds.,LOCAL_DESIGN_YES; GLOBAL_OUTCOME_SCREEN_NO,"raw=Vision_Score; missing_semantics=not_assessed; configs/meuhedet/phase2_features.yaml:142; synthetic null seed26 only: class=SAFE_VERIFIED, OLD=True, ALL=True, SAFE=True; real-run eligibility/levels/columns unknown"
nfr_hearing_score,ordinal,"Linear: cumulative >= thresholds [1.0, 2.0]; XGB: one raw ordinal numeric column",rowwise copy; Linear: no numeric transform; thermometer; XGB: no log/banding/thermometer/z-score,Linear: no median; missing encoded all-zero plus conditional NA indicator. XGB: none; native NaN,Linear: nfr_hearing_score__na iff training has any nonfinite source value; constant/duplicate columns may be dropped. XGB: no added NA indicator,Linear: every surviving column z=(v-training_mean)/training_population_sd(ddof=0); sd fallback1. XGB: none,"Each inner-training fold: medians, NA schema, raw nominal levels, duplicate/constant keep-mask, mean/sd. Shared lambda grid learned on outer training incl. inner validation labels. Global eligibility already fixed.",Design refit on outer-training rows; outer holdout transform only. Final development design fit on all usable rows. Global coverage/timing/type and outcome AUROC gates precede outer folds.,LOCAL_DESIGN_YES; GLOBAL_OUTCOME_SCREEN_NO,"raw=Hearing_Score; missing_semantics=not_assessed; configs/meuhedet/phase2_features.yaml:143; synthetic null seed26 only: class=SAFE_VERIFIED, OLD=True, ALL=True, SAFE=True; real-run eligibility/levels/columns unknown"
nfr_assessment_count_365d,count,Linear and XGB: single numeric column,"rowwise copy; Linear: log(1+max(x,0)); XGB: no log/banding/thermometer/z-score",Linear: median of finite transformed inner/outer training values; all-missing fallback 0. XGB: none; native NaN,Linear: nfr_assessment_count_365d__na iff training has any nonfinite source value; constant/duplicate columns may be dropped. XGB: no added NA indicator,Linear: every surviving column z=(v-training_mean)/training_population_sd(ddof=0); sd fallback1. XGB: none,"Each inner-training fold: medians, NA schema, raw nominal levels, duplicate/constant keep-mask, mean/sd. Shared lambda grid learned on outer training incl. inner validation labels. Global eligibility already fixed.",Design refit on outer-training rows; outer holdout transform only. Final development design fit on all usable rows. Global coverage/timing/type and outcome AUROC gates precede outer folds.,LOCAL_DESIGN_YES; GLOBAL_OUTCOME_SCREEN_NO,"raw=Assessment_Count_365D; missing_semantics=source_absent; configs/meuhedet/phase2_features.yaml:144; synthetic null seed26 only: class=SAFE_VERIFIED, OLD=True, ALL=True, SAFE=True; real-run eligibility/levels/columns unknown"
nfr_distinct_assessment_dates_365d,count,Linear and XGB: single numeric column,"rowwise copy; Linear: log(1+max(x,0)); XGB: no log/banding/thermometer/z-score",Linear: median of finite transformed inner/outer training values; all-missing fallback 0. XGB: none; native NaN,Linear: nfr_distinct_assessment_dates_365d__na iff training has any nonfinite source value; constant/duplicate columns may be dropped. XGB: no added NA indicator,Linear: every surviving column z=(v-training_mean)/training_population_sd(ddof=0); sd fallback1. XGB: none,"Each inner-training fold: medians, NA schema, raw nominal levels, duplicate/constant keep-mask, mean/sd. Shared lambda grid learned on outer training incl. inner validation labels. Global eligibility already fixed.",Design refit on outer-training rows; outer holdout transform only. Final development design fit on all usable rows. Global coverage/timing/type and outcome AUROC gates precede outer folds.,LOCAL_DESIGN_YES; GLOBAL_OUTCOME_SCREEN_NO,"raw=Distinct_Assessment_Dates_365D; missing_semantics=source_absent; configs/meuhedet/phase2_features.yaml:145; synthetic null seed26 only: class=SAFE_VERIFIED, OLD=True, ALL=True, SAFE=True; real-run eligibility/levels/columns unknown"
nfr_days_since_last_assessment,days,Linear and XGB: single numeric column,"rowwise copy; Linear: log(1+max(x,0)); XGB: no log/banding/thermometer/z-score",Linear: median of finite transformed inner/outer training values; all-missing fallback 0. XGB: none; native NaN,Linear: nfr_days_since_last_assessment__na iff training has any nonfinite source value; constant/duplicate columns may be dropped. XGB: no added NA indicator,Linear: every surviving column z=(v-training_mean)/training_population_sd(ddof=0); sd fallback1. XGB: none,"Each inner-training fold: medians, NA schema, raw nominal levels, duplicate/constant keep-mask, mean/sd. Shared lambda grid learned on outer training incl. inner validation labels. Global eligibility already fixed.",Design refit on outer-training rows; outer holdout transform only. Final development design fit on all usable rows. Global coverage/timing/type and outcome AUROC gates precede outer folds.,LOCAL_DESIGN_YES; GLOBAL_OUTCOME_SCREEN_NO,"raw=Days_Since_Last_Assessment; missing_semantics=no_event; configs/meuhedet/phase2_features.yaml:146; synthetic null seed26 only: class=SAFE_VERIFIED, OLD=True, ALL=True, SAFE=True; real-run eligibility/levels/columns unknown"
nfr_repeat_assessment,binary,Linear: 1 iff finite value==1 else 0; XGB: engineered numeric value with NaN retained,rowwise copy; Linear: no numeric transform; none; XGB: no log/banding/thermometer/z-score,Linear: no median; missing encoded all-zero plus conditional NA indicator. XGB: none; native NaN,Linear: nfr_repeat_assessment__na iff training has any nonfinite source value; constant/duplicate columns may be dropped. XGB: no added NA indicator,Linear: every surviving column z=(v-training_mean)/training_population_sd(ddof=0); sd fallback1. XGB: none,"Each inner-training fold: medians, NA schema, raw nominal levels, duplicate/constant keep-mask, mean/sd. Shared lambda grid learned on outer training incl. inner validation labels. Global eligibility already fixed.",Design refit on outer-training rows; outer holdout transform only. Final development design fit on all usable rows. Global coverage/timing/type and outcome AUROC gates precede outer folds.,LOCAL_DESIGN_YES; GLOBAL_OUTCOME_SCREEN_NO,"raw=Has_Repeat_Assessment_Ind; missing_semantics=no_event; configs/meuhedet/phase2_features.yaml:147; synthetic null seed26 only: class=SAFE_VERIFIED, OLD=True, ALL=True, SAFE=True; real-run eligibility/levels/columns unknown"
nfr_assessment_not_performed,binary,Linear: 1 iff finite value==1 else 0; XGB: engineered numeric value with NaN retained,rowwise copy; Linear: no numeric transform; none; XGB: no log/banding/thermometer/z-score,Linear: no median; missing encoded all-zero plus conditional NA indicator. XGB: none; native NaN,Linear: nfr_assessment_not_performed__na iff training has any nonfinite source value; constant/duplicate columns may be dropped. XGB: no added NA indicator,Linear: every surviving column z=(v-training_mean)/training_population_sd(ddof=0); sd fallback1. XGB: none,"Each inner-training fold: medians, NA schema, raw nominal levels, duplicate/constant keep-mask, mean/sd. Shared lambda grid learned on outer training incl. inner validation labels. Global eligibility already fixed.",Design refit on outer-training rows; outer holdout transform only. Final development design fit on all usable rows. Global coverage/timing/type and outcome AUROC gates precede outer folds.,LOCAL_DESIGN_YES; GLOBAL_OUTCOME_SCREEN_NO,"raw=Assessment_Not_Performed_Ind; missing_semantics=unexpected; configs/meuhedet/phase2_features.yaml:148; synthetic null seed26 only: class=SAFE_VERIFIED, OLD=True, ALL=True, SAFE=True; real-run eligibility/levels/columns unknown"
nfr_fallrisk_days_since,days,Linear and XGB: single numeric column,"rowwise days_since; Linear: log(1+max(x,0)); XGB: no log/banding/thermometer/z-score",Linear: median of finite transformed inner/outer training values; all-missing fallback 0. XGB: none; native NaN,Linear: nfr_fallrisk_days_since__na iff training has any nonfinite source value; constant/duplicate columns may be dropped. XGB: no added NA indicator,Linear: every surviving column z=(v-training_mean)/training_population_sd(ddof=0); sd fallback1. XGB: none,"Each inner-training fold: medians, NA schema, raw nominal levels, duplicate/constant keep-mask, mean/sd. Shared lambda grid learned on outer training incl. inner validation labels. Global eligibility already fixed.",Design refit on outer-training rows; outer holdout transform only. Final development design fit on all usable rows. Global coverage/timing/type and outcome AUROC gates precede outer folds.,LOCAL_DESIGN_YES; GLOBAL_OUTCOME_SCREEN_NO,"raw=Falls_Risk_Assessment_Date; missing_semantics=not_assessed; configs/meuhedet/phase2_features.yaml:149; synthetic null seed26 only: class=SAFE_VERIFIED, OLD=True, ALL=True, SAFE=True; real-run eligibility/levels/columns unknown"
util_visits_30d,count,Linear and XGB: single numeric column,"rowwise copy; Linear: log(1+max(x,0)); XGB: no log/banding/thermometer/z-score",Linear: median of finite transformed inner/outer training values; all-missing fallback 0. XGB: none; native NaN,Linear: util_visits_30d__na iff training has any nonfinite source value; constant/duplicate columns may be dropped. XGB: no added NA indicator,Linear: every surviving column z=(v-training_mean)/training_population_sd(ddof=0); sd fallback1. XGB: none,"Each inner-training fold: medians, NA schema, raw nominal levels, duplicate/constant keep-mask, mean/sd. Shared lambda grid learned on outer training incl. inner validation labels. Global eligibility already fixed.",Design refit on outer-training rows; outer holdout transform only. Final development design fit on all usable rows. Global coverage/timing/type and outcome AUROC gates precede outer folds.,LOCAL_DESIGN_YES; GLOBAL_OUTCOME_SCREEN_NO,"raw=Visit_Count_30D; missing_semantics=unexpected; configs/meuhedet/phase2_features.yaml:151; synthetic null seed26 only: class=SAFE_VERIFIED, OLD=True, ALL=True, SAFE=True; real-run eligibility/levels/columns unknown"
util_visits_90d,count,Linear and XGB: single numeric column,"rowwise copy; Linear: log(1+max(x,0)); XGB: no log/banding/thermometer/z-score",Linear: median of finite transformed inner/outer training values; all-missing fallback 0. XGB: none; native NaN,Linear: util_visits_90d__na iff training has any nonfinite source value; constant/duplicate columns may be dropped. XGB: no added NA indicator,Linear: every surviving column z=(v-training_mean)/training_population_sd(ddof=0); sd fallback1. XGB: none,"Each inner-training fold: medians, NA schema, raw nominal levels, duplicate/constant keep-mask, mean/sd. Shared lambda grid learned on outer training incl. inner validation labels. Global eligibility already fixed.",Design refit on outer-training rows; outer holdout transform only. Final development design fit on all usable rows. Global coverage/timing/type and outcome AUROC gates precede outer folds.,LOCAL_DESIGN_YES; GLOBAL_OUTCOME_SCREEN_NO,"raw=Visit_Count_90D; missing_semantics=unexpected; configs/meuhedet/phase2_features.yaml:152; synthetic null seed26 only: class=SAFE_VERIFIED, OLD=True, ALL=True, SAFE=True; real-run eligibility/levels/columns unknown"
util_visits_180d,count,Linear and XGB: single numeric column,"rowwise copy; Linear: log(1+max(x,0)); XGB: no log/banding/thermometer/z-score",Linear: median of finite transformed inner/outer training values; all-missing fallback 0. XGB: none; native NaN,Linear: util_visits_180d__na iff training has any nonfinite source value; constant/duplicate columns may be dropped. XGB: no added NA indicator,Linear: every surviving column z=(v-training_mean)/training_population_sd(ddof=0); sd fallback1. XGB: none,"Each inner-training fold: medians, NA schema, raw nominal levels, duplicate/constant keep-mask, mean/sd. Shared lambda grid learned on outer training incl. inner validation labels. Global eligibility already fixed.",Design refit on outer-training rows; outer holdout transform only. Final development design fit on all usable rows. Global coverage/timing/type and outcome AUROC gates precede outer folds.,LOCAL_DESIGN_YES; GLOBAL_OUTCOME_SCREEN_NO,"raw=Visit_Count_180D; missing_semantics=unexpected; configs/meuhedet/phase2_features.yaml:153; synthetic null seed26 only: class=SAFE_VERIFIED, OLD=True, ALL=True, SAFE=True; real-run eligibility/levels/columns unknown"
util_visits_365d,count,Linear and XGB: single numeric column,"rowwise copy; Linear: log(1+max(x,0)); XGB: no log/banding/thermometer/z-score",Linear: median of finite transformed inner/outer training values; all-missing fallback 0. XGB: none; native NaN,Linear: util_visits_365d__na iff training has any nonfinite source value; constant/duplicate columns may be dropped. XGB: no added NA indicator,Linear: every surviving column z=(v-training_mean)/training_population_sd(ddof=0); sd fallback1. XGB: none,"Each inner-training fold: medians, NA schema, raw nominal levels, duplicate/constant keep-mask, mean/sd. Shared lambda grid learned on outer training incl. inner validation labels. Global eligibility already fixed.",Design refit on outer-training rows; outer holdout transform only. Final development design fit on all usable rows. Global coverage/timing/type and outcome AUROC gates precede outer folds.,LOCAL_DESIGN_YES; GLOBAL_OUTCOME_SCREEN_NO,"raw=Visit_Count_365D; missing_semantics=unexpected; configs/meuhedet/phase2_features.yaml:154; synthetic null seed26 only: class=SAFE_VERIFIED, OLD=True, ALL=True, SAFE=True; real-run eligibility/levels/columns unknown"
util_days_since_last_visit,days,Linear and XGB: single numeric column,"rowwise copy; Linear: log(1+max(x,0)); XGB: no log/banding/thermometer/z-score",Linear: median of finite transformed inner/outer training values; all-missing fallback 0. XGB: none; native NaN,Linear: util_days_since_last_visit__na iff training has any nonfinite source value; constant/duplicate columns may be dropped. XGB: no added NA indicator,Linear: every surviving column z=(v-training_mean)/training_population_sd(ddof=0); sd fallback1. XGB: none,"Each inner-training fold: medians, NA schema, raw nominal levels, duplicate/constant keep-mask, mean/sd. Shared lambda grid learned on outer training incl. inner validation labels. Global eligibility already fixed.",Design refit on outer-training rows; outer holdout transform only. Final development design fit on all usable rows. Global coverage/timing/type and outcome AUROC gates precede outer folds.,LOCAL_DESIGN_YES; GLOBAL_OUTCOME_SCREEN_NO,"raw=Days_Since_Last_Visit; missing_semantics=no_event; configs/meuhedet/phase2_features.yaml:155; synthetic null seed26 only: class=SAFE_VERIFIED, OLD=True, ALL=True, SAFE=True; real-run eligibility/levels/columns unknown"
util_lab_referred_365d,count,Linear and XGB: single numeric column,"rowwise copy; Linear: log(1+max(x,0)); XGB: no log/banding/thermometer/z-score",Linear: median of finite transformed inner/outer training values; all-missing fallback 0. XGB: none; native NaN,Linear: util_lab_referred_365d__na iff training has any nonfinite source value; constant/duplicate columns may be dropped. XGB: no added NA indicator,Linear: every surviving column z=(v-training_mean)/training_population_sd(ddof=0); sd fallback1. XGB: none,"Each inner-training fold: medians, NA schema, raw nominal levels, duplicate/constant keep-mask, mean/sd. Shared lambda grid learned on outer training incl. inner validation labels. Global eligibility already fixed.",Design refit on outer-training rows; outer holdout transform only. Final development design fit on all usable rows. Global coverage/timing/type and outcome AUROC gates precede outer folds.,LOCAL_DESIGN_YES; GLOBAL_OUTCOME_SCREEN_NO,"raw=Lab_Referred_365D; missing_semantics=unexpected; configs/meuhedet/phase2_features.yaml:156; synthetic null seed26 only: class=SAFE_ATTESTED, OLD=True, ALL=True, SAFE=True; real-run eligibility/levels/columns unknown"
util_lab_performed_365d,count,Linear and XGB: single numeric column,"rowwise copy; Linear: log(1+max(x,0)); XGB: no log/banding/thermometer/z-score",Linear: median of finite transformed inner/outer training values; all-missing fallback 0. XGB: none; native NaN,Linear: util_lab_performed_365d__na iff training has any nonfinite source value; constant/duplicate columns may be dropped. XGB: no added NA indicator,Linear: every surviving column z=(v-training_mean)/training_population_sd(ddof=0); sd fallback1. XGB: none,"Each inner-training fold: medians, NA schema, raw nominal levels, duplicate/constant keep-mask, mean/sd. Shared lambda grid learned on outer training incl. inner validation labels. Global eligibility already fixed.",Design refit on outer-training rows; outer holdout transform only. Final development design fit on all usable rows. Global coverage/timing/type and outcome AUROC gates precede outer folds.,LOCAL_DESIGN_YES; GLOBAL_OUTCOME_SCREEN_NO,"raw=Lab_Performed_365D; missing_semantics=unexpected; configs/meuhedet/phase2_features.yaml:157; synthetic null seed26 only: class=SAFE_ATTESTED, OLD=True, ALL=True, SAFE=True; real-run eligibility/levels/columns unknown"
util_lab_performed_ratio,continuous,Linear and XGB: single numeric column,rowwise copy; Linear: no numeric transform; none; XGB: no log/banding/thermometer/z-score,Linear: median of finite transformed inner/outer training values; all-missing fallback 0. XGB: none; native NaN,Linear: util_lab_performed_ratio__na iff training has any nonfinite source value; constant/duplicate columns may be dropped. XGB: no added NA indicator,Linear: every surviving column z=(v-training_mean)/training_population_sd(ddof=0); sd fallback1. XGB: none,"Each inner-training fold: medians, NA schema, raw nominal levels, duplicate/constant keep-mask, mean/sd. Shared lambda grid learned on outer training incl. inner validation labels. Global eligibility already fixed.",Design refit on outer-training rows; outer holdout transform only. Final development design fit on all usable rows. Global coverage/timing/type and outcome AUROC gates precede outer folds.,LOCAL_DESIGN_YES; GLOBAL_OUTCOME_SCREEN_NO,"raw=Lab_Performed_Ratio_365D; missing_semantics=no_event; configs/meuhedet/phase2_features.yaml:158; synthetic null seed26 only: class=SAFE_ATTESTED, OLD=True, ALL=True, SAFE=True; real-run eligibility/levels/columns unknown"
util_external_care_visible_365d,count,Linear and XGB: single numeric column,"rowwise copy; Linear: log(1+max(x,0)); XGB: no log/banding/thermometer/z-score",Linear: median of finite transformed inner/outer training values; all-missing fallback 0. XGB: none; native NaN,Linear: util_external_care_visible_365d__na iff training has any nonfinite source value; constant/duplicate columns may be dropped. XGB: no added NA indicator,Linear: every surviving column z=(v-training_mean)/training_population_sd(ddof=0); sd fallback1. XGB: none,"Each inner-training fold: medians, NA schema, raw nominal levels, duplicate/constant keep-mask, mean/sd. Shared lambda grid learned on outer training incl. inner validation labels. Global eligibility already fixed.",Design refit on outer-training rows; outer holdout transform only. Final development design fit on all usable rows. Global coverage/timing/type and outcome AUROC gates precede outer folds.,LOCAL_DESIGN_YES; GLOBAL_OUTCOME_SCREEN_NO,"raw=External_Care_Count_365D_Visible; missing_semantics=unexpected; configs/meuhedet/phase2_features.yaml:159; synthetic null seed26 only: class=SAFE_ATTESTED, OLD=True, ALL=True, SAFE=True; real-run eligibility/levels/columns unknown"
util_hmo_seniority_months,count,Linear and XGB: single numeric column,"rowwise copy; Linear: log(1+max(x,0)); XGB: no log/banding/thermometer/z-score",Linear: median of finite transformed inner/outer training values; all-missing fallback 0. XGB: none; native NaN,Linear: util_hmo_seniority_months__na iff training has any nonfinite source value; constant/duplicate columns may be dropped. XGB: no added NA indicator,Linear: every surviving column z=(v-training_mean)/training_population_sd(ddof=0); sd fallback1. XGB: none,"Each inner-training fold: medians, NA schema, raw nominal levels, duplicate/constant keep-mask, mean/sd. Shared lambda grid learned on outer training incl. inner validation labels. Global eligibility already fixed.",Design refit on outer-training rows; outer holdout transform only. Final development design fit on all usable rows. Global coverage/timing/type and outcome AUROC gates precede outer folds.,LOCAL_DESIGN_YES; GLOBAL_OUTCOME_SCREEN_NO,"raw=HMO_Seniority_Months; missing_semantics=unexpected; configs/meuhedet/phase2_features.yaml:160; synthetic null seed26 only: class=SAFE_ATTESTED, OLD=True, ALL=True, SAFE=True; real-run eligibility/levels/columns unknown"
form_home_safety_assessed,binary,Linear: 1 iff finite value==1 else 0; XGB: engineered numeric value with NaN retained,rowwise present; Linear: no numeric transform; none; XGB: no log/banding/thermometer/z-score,Linear: no median; missing encoded all-zero plus conditional NA indicator. XGB: none; native NaN,Linear: form_home_safety_assessed__na iff training has any nonfinite source value; constant/duplicate columns may be dropped. XGB: no added NA indicator,Linear: every surviving column z=(v-training_mean)/training_population_sd(ddof=0); sd fallback1. XGB: none,"Each inner-training fold: medians, NA schema, raw nominal levels, duplicate/constant keep-mask, mean/sd. Shared lambda grid learned on outer training incl. inner validation labels. Global eligibility already fixed.",Design refit on outer-training rows; outer holdout transform only. Final development design fit on all usable rows. Global coverage/timing/type and outcome AUROC gates precede outer folds.,LOCAL_DESIGN_YES; GLOBAL_OUTCOME_SCREEN_NO,"raw=Home_Safety_Assessment_Date; missing_semantics=no_event; configs/meuhedet/phase2_features.yaml:162; synthetic null seed26 only: class=SAFE_VERIFIED, OLD=True, ALL=True, SAFE=True; real-run eligibility/levels/columns unknown"
home_unsafe_environment,binary,Linear: 1 iff finite value==1 else 0; XGB: engineered numeric value with NaN retained,rowwise copy; Linear: no numeric transform; none; XGB: no log/banding/thermometer/z-score,Linear: no median; missing encoded all-zero plus conditional NA indicator. XGB: none; native NaN,Linear: home_unsafe_environment__na iff training has any nonfinite source value; constant/duplicate columns may be dropped. XGB: no added NA indicator,Linear: every surviving column z=(v-training_mean)/training_population_sd(ddof=0); sd fallback1. XGB: none,"Each inner-training fold: medians, NA schema, raw nominal levels, duplicate/constant keep-mask, mean/sd. Shared lambda grid learned on outer training incl. inner validation labels. Global eligibility already fixed.",Design refit on outer-training rows; outer holdout transform only. Final development design fit on all usable rows. Global coverage/timing/type and outcome AUROC gates precede outer folds.,LOCAL_DESIGN_YES; GLOBAL_OUTCOME_SCREEN_NO,"raw=Unsafe_Environment_Ind; missing_semantics=not_assessed; configs/meuhedet/phase2_features.yaml:163; synthetic null seed26 only: class=SAFE_VERIFIED, OLD=True, ALL=True, SAFE=True; real-run eligibility/levels/columns unknown"
home_unsuitable_footwear,binary,Linear: 1 iff finite value==1 else 0; XGB: engineered numeric value with NaN retained,rowwise copy; Linear: no numeric transform; none; XGB: no log/banding/thermometer/z-score,Linear: no median; missing encoded all-zero plus conditional NA indicator. XGB: none; native NaN,Linear: home_unsuitable_footwear__na iff training has any nonfinite source value; constant/duplicate columns may be dropped. XGB: no added NA indicator,Linear: every surviving column z=(v-training_mean)/training_population_sd(ddof=0); sd fallback1. XGB: none,"Each inner-training fold: medians, NA schema, raw nominal levels, duplicate/constant keep-mask, mean/sd. Shared lambda grid learned on outer training incl. inner validation labels. Global eligibility already fixed.",Design refit on outer-training rows; outer holdout transform only. Final development design fit on all usable rows. Global coverage/timing/type and outcome AUROC gates precede outer folds.,LOCAL_DESIGN_YES; GLOBAL_OUTCOME_SCREEN_NO,"raw=Unsuitable_Footwear_Ind; missing_semantics=not_assessed; configs/meuhedet/phase2_features.yaml:164; synthetic null seed26 only: class=SAFE_VERIFIED, OLD=True, ALL=True, SAFE=True; real-run eligibility/levels/columns unknown"
home_unsuitable_bed_chair,binary,Linear: 1 iff finite value==1 else 0; XGB: engineered numeric value with NaN retained,rowwise copy; Linear: no numeric transform; none; XGB: no log/banding/thermometer/z-score,Linear: no median; missing encoded all-zero plus conditional NA indicator. XGB: none; native NaN,Linear: home_unsuitable_bed_chair__na iff training has any nonfinite source value; constant/duplicate columns may be dropped. XGB: no added NA indicator,Linear: every surviving column z=(v-training_mean)/training_population_sd(ddof=0); sd fallback1. XGB: none,"Each inner-training fold: medians, NA schema, raw nominal levels, duplicate/constant keep-mask, mean/sd. Shared lambda grid learned on outer training incl. inner validation labels. Global eligibility already fixed.",Design refit on outer-training rows; outer holdout transform only. Final development design fit on all usable rows. Global coverage/timing/type and outcome AUROC gates precede outer folds.,LOCAL_DESIGN_YES; GLOBAL_OUTCOME_SCREEN_NO,"raw=Unsuitable_Bed_Chair_Height_Ind; missing_semantics=not_assessed; configs/meuhedet/phase2_features.yaml:165; synthetic null seed26 only: class=SAFE_VERIFIED, OLD=True, ALL=True, SAFE=True; real-run eligibility/levels/columns unknown"
home_safety_risk_count,count,Linear and XGB: single numeric column,"rowwise copy; Linear: log(1+max(x,0)); XGB: no log/banding/thermometer/z-score",Linear: median of finite transformed inner/outer training values; all-missing fallback 0. XGB: none; native NaN,Linear: home_safety_risk_count__na iff training has any nonfinite source value; constant/duplicate columns may be dropped. XGB: no added NA indicator,Linear: every surviving column z=(v-training_mean)/training_population_sd(ddof=0); sd fallback1. XGB: none,"Each inner-training fold: medians, NA schema, raw nominal levels, duplicate/constant keep-mask, mean/sd. Shared lambda grid learned on outer training incl. inner validation labels. Global eligibility already fixed.",Design refit on outer-training rows; outer holdout transform only. Final development design fit on all usable rows. Global coverage/timing/type and outcome AUROC gates precede outer folds.,LOCAL_DESIGN_YES; GLOBAL_OUTCOME_SCREEN_NO,"raw=Home_Safety_Risk_Count; missing_semantics=not_assessed; configs/meuhedet/phase2_features.yaml:166; synthetic null seed26 only: class=SAFE_VERIFIED, OLD=True, ALL=True, SAFE=True; real-run eligibility/levels/columns unknown"
home_safety_days_since,days,Linear and XGB: single numeric column,"rowwise days_since; Linear: log(1+max(x,0)); XGB: no log/banding/thermometer/z-score",Linear: median of finite transformed inner/outer training values; all-missing fallback 0. XGB: none; native NaN,Linear: home_safety_days_since__na iff training has any nonfinite source value; constant/duplicate columns may be dropped. XGB: no added NA indicator,Linear: every surviving column z=(v-training_mean)/training_population_sd(ddof=0); sd fallback1. XGB: none,"Each inner-training fold: medians, NA schema, raw nominal levels, duplicate/constant keep-mask, mean/sd. Shared lambda grid learned on outer training incl. inner validation labels. Global eligibility already fixed.",Design refit on outer-training rows; outer holdout transform only. Final development design fit on all usable rows. Global coverage/timing/type and outcome AUROC gates precede outer folds.,LOCAL_DESIGN_YES; GLOBAL_OUTCOME_SCREEN_NO,"raw=Home_Safety_Assessment_Date; missing_semantics=not_assessed; configs/meuhedet/phase2_features.yaml:167; synthetic null seed26 only: class=SAFE_VERIFIED, OLD=True, ALL=True, SAFE=True; real-run eligibility/levels/columns unknown"
soc_no_primary_caregiver,binary,Linear: 1 iff finite value==1 else 0; XGB: engineered numeric value with NaN retained,rowwise copy; Linear: no numeric transform; none; XGB: no log/banding/thermometer/z-score,Linear: no median; missing encoded all-zero plus conditional NA indicator. XGB: none; native NaN,Linear: soc_no_primary_caregiver__na iff training has any nonfinite source value; constant/duplicate columns may be dropped. XGB: no added NA indicator,Linear: every surviving column z=(v-training_mean)/training_population_sd(ddof=0); sd fallback1. XGB: none,"Each inner-training fold: medians, NA schema, raw nominal levels, duplicate/constant keep-mask, mean/sd. Shared lambda grid learned on outer training incl. inner validation labels. Global eligibility already fixed.",Design refit on outer-training rows; outer holdout transform only. Final development design fit on all usable rows. Global coverage/timing/type and outcome AUROC gates precede outer folds.,LOCAL_DESIGN_YES; GLOBAL_OUTCOME_SCREEN_NO,"raw=No_Primary_Caregiver_Ind; missing_semantics=not_assessed; configs/meuhedet/phase2_features.yaml:169; synthetic null seed26 only: class=SAFE_VERIFIED, OLD=True, ALL=True, SAFE=True; real-run eligibility/levels/columns unknown"
soc_income_support,binary,Linear: 1 iff finite value==1 else 0; XGB: engineered numeric value with NaN retained,rowwise copy; Linear: no numeric transform; none; XGB: no log/banding/thermometer/z-score,Linear: no median; missing encoded all-zero plus conditional NA indicator. XGB: none; native NaN,Linear: soc_income_support__na iff training has any nonfinite source value; constant/duplicate columns may be dropped. XGB: no added NA indicator,Linear: every surviving column z=(v-training_mean)/training_population_sd(ddof=0); sd fallback1. XGB: none,"Each inner-training fold: medians, NA schema, raw nominal levels, duplicate/constant keep-mask, mean/sd. Shared lambda grid learned on outer training incl. inner validation labels. Global eligibility already fixed.",Design refit on outer-training rows; outer holdout transform only. Final development design fit on all usable rows. Global coverage/timing/type and outcome AUROC gates precede outer folds.,LOCAL_DESIGN_YES; GLOBAL_OUTCOME_SCREEN_NO,"raw=Income_Support; missing_semantics=unexpected; configs/meuhedet/phase2_features.yaml:170; synthetic null seed26 only: class=SAFE_ATTESTED, OLD=True, ALL=True, SAFE=True; real-run eligibility/levels/columns unknown"
com_dx_count_180d,count,Linear and XGB: single numeric column,"rowwise copy; Linear: log(1+max(x,0)); XGB: no log/banding/thermometer/z-score",Linear: median of finite transformed inner/outer training values; all-missing fallback 0. XGB: none; native NaN,Linear: com_dx_count_180d__na iff training has any nonfinite source value; constant/duplicate columns may be dropped. XGB: no added NA indicator,Linear: every surviving column z=(v-training_mean)/training_population_sd(ddof=0); sd fallback1. XGB: none,"Each inner-training fold: medians, NA schema, raw nominal levels, duplicate/constant keep-mask, mean/sd. Shared lambda grid learned on outer training incl. inner validation labels. Global eligibility already fixed.",Design refit on outer-training rows; outer holdout transform only. Final development design fit on all usable rows. Global coverage/timing/type and outcome AUROC gates precede outer folds.,LOCAL_DESIGN_YES; GLOBAL_OUTCOME_SCREEN_NO,"raw=Diagnosis_Count_180D; missing_semantics=unexpected; configs/meuhedet/phase2_features.yaml:172; synthetic null seed26 only: class=SAFE_VERIFIED, OLD=True, ALL=True, SAFE=True; real-run eligibility/levels/columns unknown"
com_dx_count_365d,count,Linear and XGB: single numeric column,"rowwise copy; Linear: log(1+max(x,0)); XGB: no log/banding/thermometer/z-score",Linear: median of finite transformed inner/outer training values; all-missing fallback 0. XGB: none; native NaN,Linear: com_dx_count_365d__na iff training has any nonfinite source value; constant/duplicate columns may be dropped. XGB: no added NA indicator,Linear: every surviving column z=(v-training_mean)/training_population_sd(ddof=0); sd fallback1. XGB: none,"Each inner-training fold: medians, NA schema, raw nominal levels, duplicate/constant keep-mask, mean/sd. Shared lambda grid learned on outer training incl. inner validation labels. Global eligibility already fixed.",Design refit on outer-training rows; outer holdout transform only. Final development design fit on all usable rows. Global coverage/timing/type and outcome AUROC gates precede outer folds.,LOCAL_DESIGN_YES; GLOBAL_OUTCOME_SCREEN_NO,"raw=Diagnosis_Count_365D; missing_semantics=unexpected; configs/meuhedet/phase2_features.yaml:173; synthetic null seed26 only: class=SAFE_VERIFIED, OLD=True, ALL=True, SAFE=True; real-run eligibility/levels/columns unknown"
com_distinct_dx_365d,count,Linear and XGB: single numeric column,"rowwise copy; Linear: log(1+max(x,0)); XGB: no log/banding/thermometer/z-score",Linear: median of finite transformed inner/outer training values; all-missing fallback 0. XGB: none; native NaN,Linear: com_distinct_dx_365d__na iff training has any nonfinite source value; constant/duplicate columns may be dropped. XGB: no added NA indicator,Linear: every surviving column z=(v-training_mean)/training_population_sd(ddof=0); sd fallback1. XGB: none,"Each inner-training fold: medians, NA schema, raw nominal levels, duplicate/constant keep-mask, mean/sd. Shared lambda grid learned on outer training incl. inner validation labels. Global eligibility already fixed.",Design refit on outer-training rows; outer holdout transform only. Final development design fit on all usable rows. Global coverage/timing/type and outcome AUROC gates precede outer folds.,LOCAL_DESIGN_YES; GLOBAL_OUTCOME_SCREEN_NO,"raw=Distinct_Diagnosis_Codes_365D; missing_semantics=unexpected; configs/meuhedet/phase2_features.yaml:174; synthetic null seed26 only: class=SAFE_VERIFIED, OLD=True, ALL=True, SAFE=True; real-run eligibility/levels/columns unknown"
com_chronic_dx_365d,count,Linear and XGB: single numeric column,"rowwise copy; Linear: log(1+max(x,0)); XGB: no log/banding/thermometer/z-score",Linear: median of finite transformed inner/outer training values; all-missing fallback 0. XGB: none; native NaN,Linear: com_chronic_dx_365d__na iff training has any nonfinite source value; constant/duplicate columns may be dropped. XGB: no added NA indicator,Linear: every surviving column z=(v-training_mean)/training_population_sd(ddof=0); sd fallback1. XGB: none,"Each inner-training fold: medians, NA schema, raw nominal levels, duplicate/constant keep-mask, mean/sd. Shared lambda grid learned on outer training incl. inner validation labels. Global eligibility already fixed.",Design refit on outer-training rows; outer holdout transform only. Final development design fit on all usable rows. Global coverage/timing/type and outcome AUROC gates precede outer folds.,LOCAL_DESIGN_YES; GLOBAL_OUTCOME_SCREEN_NO,"raw=Chronic_Diagnosis_Count_365D; missing_semantics=unexpected; configs/meuhedet/phase2_features.yaml:175; synthetic null seed26 only: class=SAFE_VERIFIED, OLD=True, ALL=True, SAFE=True; real-run eligibility/levels/columns unknown"
com_days_since_last_dx,days,Linear and XGB: single numeric column,"rowwise copy; Linear: log(1+max(x,0)); XGB: no log/banding/thermometer/z-score",Linear: median of finite transformed inner/outer training values; all-missing fallback 0. XGB: none; native NaN,Linear: com_days_since_last_dx__na iff training has any nonfinite source value; constant/duplicate columns may be dropped. XGB: no added NA indicator,Linear: every surviving column z=(v-training_mean)/training_population_sd(ddof=0); sd fallback1. XGB: none,"Each inner-training fold: medians, NA schema, raw nominal levels, duplicate/constant keep-mask, mean/sd. Shared lambda grid learned on outer training incl. inner validation labels. Global eligibility already fixed.",Design refit on outer-training rows; outer holdout transform only. Final development design fit on all usable rows. Global coverage/timing/type and outcome AUROC gates precede outer folds.,LOCAL_DESIGN_YES; GLOBAL_OUTCOME_SCREEN_NO,"raw=Days_Since_Last_Diagnosis; missing_semantics=no_event; configs/meuhedet/phase2_features.yaml:176; synthetic null seed26 only: class=SAFE_VERIFIED, OLD=True, ALL=True, SAFE=True; real-run eligibility/levels/columns unknown"
com_cci_group,continuous (raw unvalidated CCI group),Linear and XGB: single numeric column,rowwise copy; Linear: no numeric transform; none; XGB: no log/banding/thermometer/z-score,Linear: median of finite transformed inner/outer training values; all-missing fallback 0. XGB: none; native NaN,Linear: com_cci_group__na iff training has any nonfinite source value; constant/duplicate columns may be dropped. XGB: no added NA indicator,Linear: every surviving column z=(v-training_mean)/training_population_sd(ddof=0); sd fallback1. XGB: none,"Each inner-training fold: medians, NA schema, raw nominal levels, duplicate/constant keep-mask, mean/sd. Shared lambda grid learned on outer training incl. inner validation labels. Global eligibility already fixed.",Design refit on outer-training rows; outer holdout transform only. Final development design fit on all usable rows. Global coverage/timing/type and outcome AUROC gates precede outer folds.,LOCAL_DESIGN_YES; GLOBAL_OUTCOME_SCREEN_NO,"raw=CCI_Group; missing_semantics=unexpected; configs/meuhedet/phase2_features.yaml:177; synthetic null seed26 only: class=SAFE_ATTESTED, OLD=True, ALL=True, SAFE=True; real-run eligibility/levels/columns unknown; raw CCI group has unvalidated spacing/ordinality; continuous linear trend remains a modeling assumption"
com_registry_heart,binary,Linear: 1 iff finite value==1 else 0; XGB: engineered numeric value with NaN retained,rowwise copy; Linear: no numeric transform; none; XGB: no log/banding/thermometer/z-score,Linear: no median; missing encoded all-zero plus conditional NA indicator. XGB: none; native NaN,Linear: com_registry_heart__na iff training has any nonfinite source value; constant/duplicate columns may be dropped. XGB: no added NA indicator,Linear: every surviving column z=(v-training_mean)/training_population_sd(ddof=0); sd fallback1. XGB: none,"Each inner-training fold: medians, NA schema, raw nominal levels, duplicate/constant keep-mask, mean/sd. Shared lambda grid learned on outer training incl. inner validation labels. Global eligibility already fixed.",Design refit on outer-training rows; outer holdout transform only. Final development design fit on all usable rows. Global coverage/timing/type and outcome AUROC gates precede outer folds.,LOCAL_DESIGN_YES; GLOBAL_OUTCOME_SCREEN_NO,"raw=Registry_Heart_Disease_Ind; missing_semantics=unexpected; configs/meuhedet/phase2_features.yaml:178; synthetic null seed26 only: class=SAFE_ATTESTED, OLD=True, ALL=True, SAFE=True; real-run eligibility/levels/columns unknown"
com_registry_kidneys,binary,Linear: 1 iff finite value==1 else 0; XGB: engineered numeric value with NaN retained,rowwise copy; Linear: no numeric transform; none; XGB: no log/banding/thermometer/z-score,Linear: no median; missing encoded all-zero plus conditional NA indicator. XGB: none; native NaN,Linear: com_registry_kidneys__na iff training has any nonfinite source value; constant/duplicate columns may be dropped. XGB: no added NA indicator,Linear: every surviving column z=(v-training_mean)/training_population_sd(ddof=0); sd fallback1. XGB: none,"Each inner-training fold: medians, NA schema, raw nominal levels, duplicate/constant keep-mask, mean/sd. Shared lambda grid learned on outer training incl. inner validation labels. Global eligibility already fixed.",Design refit on outer-training rows; outer holdout transform only. Final development design fit on all usable rows. Global coverage/timing/type and outcome AUROC gates precede outer folds.,LOCAL_DESIGN_YES; GLOBAL_OUTCOME_SCREEN_NO,"raw=Registry_Kidneys_Ind; missing_semantics=unexpected; configs/meuhedet/phase2_features.yaml:179; synthetic null seed26 only: class=SAFE_ATTESTED, OLD=True, ALL=True, SAFE=True; real-run eligibility/levels/columns unknown"
com_registry_stoma,binary,Linear: 1 iff finite value==1 else 0; XGB: engineered numeric value with NaN retained,rowwise copy; Linear: no numeric transform; none; XGB: no log/banding/thermometer/z-score,Linear: no median; missing encoded all-zero plus conditional NA indicator. XGB: none; native NaN,Linear: com_registry_stoma__na iff training has any nonfinite source value; constant/duplicate columns may be dropped. XGB: no added NA indicator,Linear: every surviving column z=(v-training_mean)/training_population_sd(ddof=0); sd fallback1. XGB: none,"Each inner-training fold: medians, NA schema, raw nominal levels, duplicate/constant keep-mask, mean/sd. Shared lambda grid learned on outer training incl. inner validation labels. Global eligibility already fixed.",Design refit on outer-training rows; outer holdout transform only. Final development design fit on all usable rows. Global coverage/timing/type and outcome AUROC gates precede outer folds.,LOCAL_DESIGN_YES; GLOBAL_OUTCOME_SCREEN_NO,"raw=Registry_Stoma_Ind; missing_semantics=unexpected; configs/meuhedet/phase2_features.yaml:181; synthetic null seed26 only: class=SAFE_ATTESTED, OLD=True, ALL=True, SAFE=True; real-run eligibility/levels/columns unknown"
com_active_registry_count,count,Linear and XGB: single numeric column,"rowwise copy; Linear: log(1+max(x,0)); XGB: no log/banding/thermometer/z-score",Linear: median of finite transformed inner/outer training values; all-missing fallback 0. XGB: none; native NaN,Linear: com_active_registry_count__na iff training has any nonfinite source value; constant/duplicate columns may be dropped. XGB: no added NA indicator,Linear: every surviving column z=(v-training_mean)/training_population_sd(ddof=0); sd fallback1. XGB: none,"Each inner-training fold: medians, NA schema, raw nominal levels, duplicate/constant keep-mask, mean/sd. Shared lambda grid learned on outer training incl. inner validation labels. Global eligibility already fixed.",Design refit on outer-training rows; outer holdout transform only. Final development design fit on all usable rows. Global coverage/timing/type and outcome AUROC gates precede outer folds.,LOCAL_DESIGN_YES; GLOBAL_OUTCOME_SCREEN_NO,"raw=Active_Registry_Count; missing_semantics=unexpected; configs/meuhedet/phase2_features.yaml:182; synthetic null seed26 only: class=SAFE_ATTESTED, OLD=True, ALL=True, SAFE=True; real-run eligibility/levels/columns unknown"
com_distinct_registry_types,count,Linear and XGB: single numeric column,"rowwise copy; Linear: log(1+max(x,0)); XGB: no log/banding/thermometer/z-score",Linear: median of finite transformed inner/outer training values; all-missing fallback 0. XGB: none; native NaN,Linear: com_distinct_registry_types__na iff training has any nonfinite source value; constant/duplicate columns may be dropped. XGB: no added NA indicator,Linear: every surviving column z=(v-training_mean)/training_population_sd(ddof=0); sd fallback1. XGB: none,"Each inner-training fold: medians, NA schema, raw nominal levels, duplicate/constant keep-mask, mean/sd. Shared lambda grid learned on outer training incl. inner validation labels. Global eligibility already fixed.",Design refit on outer-training rows; outer holdout transform only. Final development design fit on all usable rows. Global coverage/timing/type and outcome AUROC gates precede outer folds.,LOCAL_DESIGN_YES; GLOBAL_OUTCOME_SCREEN_NO,"raw=Distinct_Registry_Type_Count; missing_semantics=unexpected; configs/meuhedet/phase2_features.yaml:183; synthetic null seed26 only: class=SAFE_ATTESTED, OLD=True, ALL=True, SAFE=True; real-run eligibility/levels/columns unknown"
com_longest_registry_days,days,Linear and XGB: single numeric column,"rowwise copy; Linear: log(1+max(x,0)); XGB: no log/banding/thermometer/z-score",Linear: median of finite transformed inner/outer training values; all-missing fallback 0. XGB: none; native NaN,Linear: com_longest_registry_days__na iff training has any nonfinite source value; constant/duplicate columns may be dropped. XGB: no added NA indicator,Linear: every surviving column z=(v-training_mean)/training_population_sd(ddof=0); sd fallback1. XGB: none,"Each inner-training fold: medians, NA schema, raw nominal levels, duplicate/constant keep-mask, mean/sd. Shared lambda grid learned on outer training incl. inner validation labels. Global eligibility already fixed.",Design refit on outer-training rows; outer holdout transform only. Final development design fit on all usable rows. Global coverage/timing/type and outcome AUROC gates precede outer folds.,LOCAL_DESIGN_YES; GLOBAL_OUTCOME_SCREEN_NO,"raw=Longest_Registry_Duration_Days; missing_semantics=no_event; configs/meuhedet/phase2_features.yaml:184; synthetic null seed26 only: class=SAFE_ATTESTED, OLD=True, ALL=True, SAFE=True; real-run eligibility/levels/columns unknown"
com_days_since_first_registry,days,Linear and XGB: single numeric column,"rowwise copy; Linear: log(1+max(x,0)); XGB: no log/banding/thermometer/z-score",Linear: median of finite transformed inner/outer training values; all-missing fallback 0. XGB: none; native NaN,Linear: com_days_since_first_registry__na iff training has any nonfinite source value; constant/duplicate columns may be dropped. XGB: no added NA indicator,Linear: every surviving column z=(v-training_mean)/training_population_sd(ddof=0); sd fallback1. XGB: none,"Each inner-training fold: medians, NA schema, raw nominal levels, duplicate/constant keep-mask, mean/sd. Shared lambda grid learned on outer training incl. inner validation labels. Global eligibility already fixed.",Design refit on outer-training rows; outer holdout transform only. Final development design fit on all usable rows. Global coverage/timing/type and outcome AUROC gates precede outer folds.,LOCAL_DESIGN_YES; GLOBAL_OUTCOME_SCREEN_NO,"raw=Days_Since_First_Registry; missing_semantics=no_event; configs/meuhedet/phase2_features.yaml:185; synthetic null seed26 only: class=SAFE_ATTESTED, OLD=True, ALL=True, SAFE=True; real-run eligibility/levels/columns unknown"
age_years,continuous,Linear and XGB: single numeric column,fixed adapter copy_numeric; Linear: no numeric transform; none; XGB: no log/banding/thermometer/z-score,Linear: median of finite transformed inner/outer training values; all-missing fallback 0. XGB: none; native NaN,Linear: age_years__na iff training has any nonfinite source value; constant/duplicate columns may be dropped. XGB: no added NA indicator,Linear: every surviving column z=(v-training_mean)/training_population_sd(ddof=0); sd fallback1. XGB: none,"Each inner-training fold: medians, NA schema, raw nominal levels, duplicate/constant keep-mask, mean/sd. Shared lambda grid learned on outer training incl. inner validation labels. Global eligibility already fixed.",Design refit on outer-training rows; outer holdout transform only. Final development design fit on all usable rows. Global coverage/timing/type and outcome AUROC gates precede outer folds.,LOCAL_DESIGN_YES; GLOBAL_OUTCOME_SCREEN_NO,"raw=Age_At_Index; missing_semantics=unexpected; configs/meuhedet/wide_v1_efalls_mapping.yaml; src/falls_ml/data/meuhedet_wide.py:1056-1112; synthetic null seed26 only: class=SAFE_VERIFIED, OLD=True, ALL=True, SAFE=True; real-run eligibility/levels/columns unknown"
sex,binary,Linear: 1 iff finite value==1 else 0; XGB: engineered numeric value with NaN retained,fixed adapter recode; Linear: no numeric transform; none; XGB: no log/banding/thermometer/z-score,Linear: no median; missing encoded all-zero plus conditional NA indicator. XGB: none; native NaN,Linear: sex__na iff training has any nonfinite source value; constant/duplicate columns may be dropped. XGB: no added NA indicator,Linear: every surviving column z=(v-training_mean)/training_population_sd(ddof=0); sd fallback1. XGB: none,"Each inner-training fold: medians, NA schema, raw nominal levels, duplicate/constant keep-mask, mean/sd. Shared lambda grid learned on outer training incl. inner validation labels. Global eligibility already fixed.",Design refit on outer-training rows; outer holdout transform only. Final development design fit on all usable rows. Global coverage/timing/type and outcome AUROC gates precede outer folds.,LOCAL_DESIGN_YES; GLOBAL_OUTCOME_SCREEN_NO,"raw=Gender_Code; missing_semantics=unexpected; configs/meuhedet/wide_v1_efalls_mapping.yaml; src/falls_ml/data/meuhedet_wide.py:1056-1112; synthetic null seed26 only: class=SAFE_VERIFIED, OLD=True, ALL=True, SAFE=True; real-run eligibility/levels/columns unknown"
polypharmacy_count_120d,count,Linear and XGB: single numeric column,"fixed adapter count; Linear: log(1+max(x,0)); XGB: no log/banding/thermometer/z-score",Linear: median of finite transformed inner/outer training values; all-missing fallback 0. XGB: none; native NaN,Linear: polypharmacy_count_120d__na iff training has any nonfinite source value; constant/duplicate columns may be dropped. XGB: no added NA indicator,Linear: every surviving column z=(v-training_mean)/training_population_sd(ddof=0); sd fallback1. XGB: none,"Each inner-training fold: medians, NA schema, raw nominal levels, duplicate/constant keep-mask, mean/sd. Shared lambda grid learned on outer training incl. inner validation labels. Global eligibility already fixed.",Design refit on outer-training rows; outer holdout transform only. Final development design fit on all usable rows. Global coverage/timing/type and outcome AUROC gates precede outer folds.,LOCAL_DESIGN_YES; GLOBAL_OUTCOME_SCREEN_NO,"raw=Distinct_Active_Substance_Count; missing_semantics=unexpected; configs/meuhedet/wide_v1_efalls_mapping.yaml; src/falls_ml/data/meuhedet_wide.py:1056-1112; synthetic null seed26 only: class=SAFE_ATTESTED, OLD=True, ALL=True, SAFE=True; real-run eligibility/levels/columns unknown"
asthma,binary,Linear: 1 iff finite value==1 else 0; XGB: engineered numeric value with NaN retained,fixed adapter any_positive; Linear: no numeric transform; none; XGB: no log/banding/thermometer/z-score,Linear: no median; missing encoded all-zero plus conditional NA indicator. XGB: none; native NaN,Linear: asthma__na iff training has any nonfinite source value; constant/duplicate columns may be dropped. XGB: no added NA indicator,Linear: every surviving column z=(v-training_mean)/training_population_sd(ddof=0); sd fallback1. XGB: none,"Each inner-training fold: medians, NA schema, raw nominal levels, duplicate/constant keep-mask, mean/sd. Shared lambda grid learned on outer training incl. inner validation labels. Global eligibility already fixed.",Design refit on outer-training rows; outer holdout transform only. Final development design fit on all usable rows. Global coverage/timing/type and outcome AUROC gates precede outer folds.,LOCAL_DESIGN_YES; GLOBAL_OUTCOME_SCREEN_NO,"raw=Registry_Asthma_Ind; missing_semantics=unexpected; configs/meuhedet/wide_v1_efalls_mapping.yaml; src/falls_ml/data/meuhedet_wide.py:1056-1112; synthetic null seed26 only: class=SAFE_ATTESTED, OLD=True, ALL=True, SAFE=True; real-run eligibility/levels/columns unknown"
copd,binary,Linear: 1 iff finite value==1 else 0; XGB: engineered numeric value with NaN retained,fixed adapter any_positive; Linear: no numeric transform; none; XGB: no log/banding/thermometer/z-score,Linear: no median; missing encoded all-zero plus conditional NA indicator. XGB: none; native NaN,Linear: copd__na iff training has any nonfinite source value; constant/duplicate columns may be dropped. XGB: no added NA indicator,Linear: every surviving column z=(v-training_mean)/training_population_sd(ddof=0); sd fallback1. XGB: none,"Each inner-training fold: medians, NA schema, raw nominal levels, duplicate/constant keep-mask, mean/sd. Shared lambda grid learned on outer training incl. inner validation labels. Global eligibility already fixed.",Design refit on outer-training rows; outer holdout transform only. Final development design fit on all usable rows. Global coverage/timing/type and outcome AUROC gates precede outer folds.,LOCAL_DESIGN_YES; GLOBAL_OUTCOME_SCREEN_NO,"raw=Registry_COPD_Ind; missing_semantics=unexpected; configs/meuhedet/wide_v1_efalls_mapping.yaml; src/falls_ml/data/meuhedet_wide.py:1056-1112; synthetic null seed26 only: class=SAFE_ATTESTED, OLD=True, ALL=True, SAFE=True; real-run eligibility/levels/columns unknown"
dementia,binary,Linear: 1 iff finite value==1 else 0; XGB: engineered numeric value with NaN retained,fixed adapter any_positive; Linear: no numeric transform; none; XGB: no log/banding/thermometer/z-score,Linear: no median; missing encoded all-zero plus conditional NA indicator. XGB: none; native NaN,Linear: dementia__na iff training has any nonfinite source value; constant/duplicate columns may be dropped. XGB: no added NA indicator,Linear: every surviving column z=(v-training_mean)/training_population_sd(ddof=0); sd fallback1. XGB: none,"Each inner-training fold: medians, NA schema, raw nominal levels, duplicate/constant keep-mask, mean/sd. Shared lambda grid learned on outer training incl. inner validation labels. Global eligibility already fixed.",Design refit on outer-training rows; outer holdout transform only. Final development design fit on all usable rows. Global coverage/timing/type and outcome AUROC gates precede outer folds.,LOCAL_DESIGN_YES; GLOBAL_OUTCOME_SCREEN_NO,"raw=Registry_Dementia_Ind; missing_semantics=unexpected; configs/meuhedet/wide_v1_efalls_mapping.yaml; src/falls_ml/data/meuhedet_wide.py:1056-1112; synthetic null seed26 only: class=SAFE_ATTESTED, OLD=True, ALL=True, SAFE=True; real-run eligibility/levels/columns unknown"
diabetes_mellitus,binary,Linear: 1 iff finite value==1 else 0; XGB: engineered numeric value with NaN retained,fixed adapter any_positive; Linear: no numeric transform; none; XGB: no log/banding/thermometer/z-score,Linear: no median; missing encoded all-zero plus conditional NA indicator. XGB: none; native NaN,Linear: diabetes_mellitus__na iff training has any nonfinite source value; constant/duplicate columns may be dropped. XGB: no added NA indicator,Linear: every surviving column z=(v-training_mean)/training_population_sd(ddof=0); sd fallback1. XGB: none,"Each inner-training fold: medians, NA schema, raw nominal levels, duplicate/constant keep-mask, mean/sd. Shared lambda grid learned on outer training incl. inner validation labels. Global eligibility already fixed.",Design refit on outer-training rows; outer holdout transform only. Final development design fit on all usable rows. Global coverage/timing/type and outcome AUROC gates precede outer folds.,LOCAL_DESIGN_YES; GLOBAL_OUTCOME_SCREEN_NO,"raw=Registry_Diabetes_T1_Ind,Registry_Diabetes_T2_Ind; missing_semantics=unexpected; configs/meuhedet/wide_v1_efalls_mapping.yaml; src/falls_ml/data/meuhedet_wide.py:1056-1112; synthetic null seed26 only: class=SAFE_ATTESTED, OLD=True, ALL=True, SAFE=True; real-run eligibility/levels/columns unknown"
falls,binary,Linear: 1 iff finite value==1 else 0; XGB: engineered numeric value with NaN retained,fixed adapter any_positive; Linear: no numeric transform; none; XGB: no log/banding/thermometer/z-score,Linear: no median; missing encoded all-zero plus conditional NA indicator. XGB: none; native NaN,Linear: falls__na iff training has any nonfinite source value; constant/duplicate columns may be dropped. XGB: no added NA indicator,Linear: every surviving column z=(v-training_mean)/training_population_sd(ddof=0); sd fallback1. XGB: none,"Each inner-training fold: medians, NA schema, raw nominal levels, duplicate/constant keep-mask, mean/sd. Shared lambda grid learned on outer training incl. inner validation labels. Global eligibility already fixed.",Design refit on outer-training rows; outer holdout transform only. Final development design fit on all usable rows. Global coverage/timing/type and outcome AUROC gates precede outer folds.,LOCAL_DESIGN_YES; GLOBAL_OUTCOME_SCREEN_NO,"raw=Prior_Fall_Since_Study_Start_Ind; missing_semantics=unexpected; configs/meuhedet/wide_v1_efalls_mapping.yaml; src/falls_ml/data/meuhedet_wide.py:1056-1112; synthetic null seed26 only: class=SAFE_VERIFIED, OLD=True, ALL=True, SAFE=True; real-run eligibility/levels/columns unknown"
housebound,binary,Linear: 1 iff finite value==1 else 0; XGB: engineered numeric value with NaN retained,fixed adapter any_positive; Linear: no numeric transform; none; XGB: no log/banding/thermometer/z-score,Linear: no median; missing encoded all-zero plus conditional NA indicator. XGB: none; native NaN,Linear: housebound__na iff training has any nonfinite source value; constant/duplicate columns may be dropped. XGB: no added NA indicator,Linear: every surviving column z=(v-training_mean)/training_population_sd(ddof=0); sd fallback1. XGB: none,"Each inner-training fold: medians, NA schema, raw nominal levels, duplicate/constant keep-mask, mean/sd. Shared lambda grid learned on outer training incl. inner validation labels. Global eligibility already fixed.",Design refit on outer-training rows; outer holdout transform only. Final development design fit on all usable rows. Global coverage/timing/type and outcome AUROC gates precede outer folds.,LOCAL_DESIGN_YES; GLOBAL_OUTCOME_SCREEN_NO,"raw=Registry_Home_Confined_Ind; missing_semantics=unexpected; configs/meuhedet/wide_v1_efalls_mapping.yaml; src/falls_ml/data/meuhedet_wide.py:1056-1112; synthetic null seed26 only: class=SAFE_ATTESTED, OLD=True, ALL=True, SAFE=True; real-run eligibility/levels/columns unknown"
liver_problems,binary,Linear: 1 iff finite value==1 else 0; XGB: engineered numeric value with NaN retained,fixed adapter any_positive; Linear: no numeric transform; none; XGB: no log/banding/thermometer/z-score,Linear: no median; missing encoded all-zero plus conditional NA indicator. XGB: none; native NaN,Linear: liver_problems__na iff training has any nonfinite source value; constant/duplicate columns may be dropped. XGB: no added NA indicator,Linear: every surviving column z=(v-training_mean)/training_population_sd(ddof=0); sd fallback1. XGB: none,"Each inner-training fold: medians, NA schema, raw nominal levels, duplicate/constant keep-mask, mean/sd. Shared lambda grid learned on outer training incl. inner validation labels. Global eligibility already fixed.",Design refit on outer-training rows; outer holdout transform only. Final development design fit on all usable rows. Global coverage/timing/type and outcome AUROC gates precede outer folds.,LOCAL_DESIGN_YES; GLOBAL_OUTCOME_SCREEN_NO,"raw=Registry_Liver_Ind; missing_semantics=unexpected; configs/meuhedet/wide_v1_efalls_mapping.yaml; src/falls_ml/data/meuhedet_wide.py:1056-1112; synthetic null seed26 only: class=SAFE_ATTESTED, OLD=True, ALL=True, SAFE=True; real-run eligibility/levels/columns unknown"
mobility_problems,binary,Linear: 1 iff finite value==1 else 0; XGB: engineered numeric value with NaN retained,fixed adapter any_positive; Linear: no numeric transform; none; XGB: no log/banding/thermometer/z-score,Linear: no median; missing encoded all-zero plus conditional NA indicator. XGB: none; native NaN,Linear: mobility_problems__na iff training has any nonfinite source value; constant/duplicate columns may be dropped. XGB: no added NA indicator,Linear: every surviving column z=(v-training_mean)/training_population_sd(ddof=0); sd fallback1. XGB: none,"Each inner-training fold: medians, NA schema, raw nominal levels, duplicate/constant keep-mask, mean/sd. Shared lambda grid learned on outer training incl. inner validation labels. Global eligibility already fixed.",Design refit on outer-training rows; outer holdout transform only. Final development design fit on all usable rows. Global coverage/timing/type and outcome AUROC gates precede outer folds.,LOCAL_DESIGN_YES; GLOBAL_OUTCOME_SCREEN_NO,"raw=Gait_Disorder_Since_Study_Start_Ind; missing_semantics=unexpected; configs/meuhedet/wide_v1_efalls_mapping.yaml; src/falls_ml/data/meuhedet_wide.py:1056-1112; synthetic null seed26 only: class=SAFE_VERIFIED, OLD=True, ALL=True, SAFE=True; real-run eligibility/levels/columns unknown"
self_harm,binary,Linear: 1 iff finite value==1 else 0; XGB: engineered numeric value with NaN retained,fixed adapter any_positive; Linear: no numeric transform; none; XGB: no log/banding/thermometer/z-score,Linear: no median; missing encoded all-zero plus conditional NA indicator. XGB: none; native NaN,Linear: self_harm__na iff training has any nonfinite source value; constant/duplicate columns may be dropped. XGB: no added NA indicator,Linear: every surviving column z=(v-training_mean)/training_population_sd(ddof=0); sd fallback1. XGB: none,"Each inner-training fold: medians, NA schema, raw nominal levels, duplicate/constant keep-mask, mean/sd. Shared lambda grid learned on outer training incl. inner validation labels. Global eligibility already fixed.",Design refit on outer-training rows; outer holdout transform only. Final development design fit on all usable rows. Global coverage/timing/type and outcome AUROC gates precede outer folds.,LOCAL_DESIGN_YES; GLOBAL_OUTCOME_SCREEN_NO,"raw=Registry_Suicide_Attempt_Ind; missing_semantics=unexpected; configs/meuhedet/wide_v1_efalls_mapping.yaml; src/falls_ml/data/meuhedet_wide.py:1056-1112; synthetic null seed26 only: class=SAFE_ATTESTED, OLD=True, ALL=True, SAFE=True; real-run eligibility/levels/columns unknown"
severe_mental_illness,binary,Linear: 1 iff finite value==1 else 0; XGB: engineered numeric value with NaN retained,fixed adapter any_positive; Linear: no numeric transform; none; XGB: no log/banding/thermometer/z-score,Linear: no median; missing encoded all-zero plus conditional NA indicator. XGB: none; native NaN,Linear: severe_mental_illness__na iff training has any nonfinite source value; constant/duplicate columns may be dropped. XGB: no added NA indicator,Linear: every surviving column z=(v-training_mean)/training_population_sd(ddof=0); sd fallback1. XGB: none,"Each inner-training fold: medians, NA schema, raw nominal levels, duplicate/constant keep-mask, mean/sd. Shared lambda grid learned on outer training incl. inner validation labels. Global eligibility already fixed.",Design refit on outer-training rows; outer holdout transform only. Final development design fit on all usable rows. Global coverage/timing/type and outcome AUROC gates precede outer folds.,LOCAL_DESIGN_YES; GLOBAL_OUTCOME_SCREEN_NO,"raw=Registry_SMI_Level; missing_semantics=unexpected; configs/meuhedet/wide_v1_efalls_mapping.yaml; src/falls_ml/data/meuhedet_wide.py:1056-1112; synthetic null seed26 only: class=SAFE_ATTESTED, OLD=True, ALL=True, SAFE=True; real-run eligibility/levels/columns unknown"
com_registry_transplant,binary,Linear: 1 iff finite value==1 else 0; XGB: engineered numeric value with NaN retained,rowwise copy; Linear: no numeric transform; none; XGB: no log/banding/thermometer/z-score,Linear: no median; missing encoded all-zero plus conditional NA indicator. XGB: none; native NaN,Linear: com_registry_transplant__na iff training has any nonfinite source value; constant/duplicate columns may be dropped. XGB: no added NA indicator,Linear: every surviving column z=(v-training_mean)/training_population_sd(ddof=0); sd fallback1. XGB: none,"Each inner-training fold: medians, NA schema, raw nominal levels, duplicate/constant keep-mask, mean/sd. Shared lambda grid learned on outer training incl. inner validation labels. Global eligibility already fixed.",Design refit on outer-training rows; outer holdout transform only. Final development design fit on all usable rows. Global coverage/timing/type and outcome AUROC gates precede outer folds.,NOT_APPLICABLE_ABSENT_V21,"raw=Registry_Transplant_Ind; missing_semantics=unexpected; configs/meuhedet/phase2_features.yaml:180; synthetic null seed26 only: class=INELIGIBLE_DATA, OLD=False, ALL=False, SAFE=False; real-run eligibility/levels/columns unknown"
chronic_kidney_disease,binary,Linear: 1 iff finite value==1 else 0; XGB: engineered numeric value with NaN retained,fixed adapter any_positive; Linear: no numeric transform; none; XGB: no log/banding/thermometer/z-score,Linear: no median; missing encoded all-zero plus conditional NA indicator. XGB: none; native NaN,Linear: chronic_kidney_disease__na iff training has any nonfinite source value; constant/duplicate columns may be dropped. XGB: no added NA indicator,Linear: every surviving column z=(v-training_mean)/training_population_sd(ddof=0); sd fallback1. XGB: none,"Each inner-training fold: medians, NA schema, raw nominal levels, duplicate/constant keep-mask, mean/sd. Shared lambda grid learned on outer training incl. inner validation labels. Global eligibility already fixed.",Design refit on outer-training rows; outer holdout transform only. Final development design fit on all usable rows. Global coverage/timing/type and outcome AUROC gates precede outer folds.,NOT_APPLICABLE_ABSENT_V21,"raw=Registry_Chronic_Renal_Failure_Ind; missing_semantics=unexpected; configs/meuhedet/wide_v1_efalls_mapping.yaml; src/falls_ml/data/meuhedet_wide.py:1056-1112; synthetic null seed26 only: class=INELIGIBLE_DATA, OLD=False, ALL=False, SAFE=False; real-run eligibility/levels/columns unknown"
hypertension,binary,Linear: 1 iff finite value==1 else 0; XGB: engineered numeric value with NaN retained,fixed adapter any_positive; Linear: no numeric transform; none; XGB: no log/banding/thermometer/z-score,Linear: no median; missing encoded all-zero plus conditional NA indicator. XGB: none; native NaN,Linear: hypertension__na iff training has any nonfinite source value; constant/duplicate columns may be dropped. XGB: no added NA indicator,Linear: every surviving column z=(v-training_mean)/training_population_sd(ddof=0); sd fallback1. XGB: none,"Each inner-training fold: medians, NA schema, raw nominal levels, duplicate/constant keep-mask, mean/sd. Shared lambda grid learned on outer training incl. inner validation labels. Global eligibility already fixed.",Design refit on outer-training rows; outer holdout transform only. Final development design fit on all usable rows. Global coverage/timing/type and outcome AUROC gates precede outer folds.,NOT_APPLICABLE_ABSENT_V21,"raw=Registry_Blood_Pressure_Ind; missing_semantics=unexpected; configs/meuhedet/wide_v1_efalls_mapping.yaml; src/falls_ml/data/meuhedet_wide.py:1056-1112; synthetic null seed26 only: class=INELIGIBLE_DATA, OLD=False, ALL=False, SAFE=False; real-run eligibility/levels/columns unknown"
new_dizziness_ind,binary,Linear: 1 iff finite value==1 else 0; XGB: engineered numeric value with NaN retained,numeric raw copy after type/timing checks; Linear: no numeric transform; none; XGB: no log/banding/thermometer/z-score,Linear: no median; missing encoded all-zero plus conditional NA indicator. XGB: none; native NaN,Linear: new_dizziness_ind__na iff training has any nonfinite source value; constant/duplicate columns may be dropped. XGB: no added NA indicator,Linear: every surviving column z=(v-training_mean)/training_population_sd(ddof=0); sd fallback1. XGB: none,"Each inner-training fold: medians, NA schema, raw nominal levels, duplicate/constant keep-mask, mean/sd. Shared lambda grid learned on outer training incl. inner validation labels. Global eligibility already fixed.",Design refit on outer-training rows; outer holdout transform only. Final development design fit on all usable rows. Global coverage/timing/type and outcome AUROC gates precede outer folds.,LOCAL_DESIGN_YES; GLOBAL_OUTCOME_SCREEN_NO,"raw=Dizziness_Ind; missing_semantics=unexpected; configs/meuhedet/phase5_v21_schema.yaml:146; synthetic null seed26 only: class=SAFE_VERIFIED, OLD=False, ALL=True, SAFE=True; real-run eligibility/levels/columns unknown"
new_gait_abnormality_ind,binary,Linear: 1 iff finite value==1 else 0; XGB: engineered numeric value with NaN retained,numeric raw copy after type/timing checks; Linear: no numeric transform; none; XGB: no log/banding/thermometer/z-score,Linear: no median; missing encoded all-zero plus conditional NA indicator. XGB: none; native NaN,Linear: new_gait_abnormality_ind__na iff training has any nonfinite source value; constant/duplicate columns may be dropped. XGB: no added NA indicator,Linear: every surviving column z=(v-training_mean)/training_population_sd(ddof=0); sd fallback1. XGB: none,"Each inner-training fold: medians, NA schema, raw nominal levels, duplicate/constant keep-mask, mean/sd. Shared lambda grid learned on outer training incl. inner validation labels. Global eligibility already fixed.",Design refit on outer-training rows; outer holdout transform only. Final development design fit on all usable rows. Global coverage/timing/type and outcome AUROC gates precede outer folds.,LOCAL_DESIGN_YES; GLOBAL_OUTCOME_SCREEN_NO,"raw=Gait_Abnormality_Ind; missing_semantics=unexpected; configs/meuhedet/phase5_v21_schema.yaml:150; synthetic null seed26 only: class=SAFE_VERIFIED, OLD=False, ALL=True, SAFE=True; real-run eligibility/levels/columns unknown"
new_syncope_ind,binary,Linear: 1 iff finite value==1 else 0; XGB: engineered numeric value with NaN retained,numeric raw copy after type/timing checks; Linear: no numeric transform; none; XGB: no log/banding/thermometer/z-score,Linear: no median; missing encoded all-zero plus conditional NA indicator. XGB: none; native NaN,Linear: new_syncope_ind__na iff training has any nonfinite source value; constant/duplicate columns may be dropped. XGB: no added NA indicator,Linear: every surviving column z=(v-training_mean)/training_population_sd(ddof=0); sd fallback1. XGB: none,"Each inner-training fold: medians, NA schema, raw nominal levels, duplicate/constant keep-mask, mean/sd. Shared lambda grid learned on outer training incl. inner validation labels. Global eligibility already fixed.",Design refit on outer-training rows; outer holdout transform only. Final development design fit on all usable rows. Global coverage/timing/type and outcome AUROC gates precede outer folds.,LOCAL_DESIGN_YES; GLOBAL_OUTCOME_SCREEN_NO,"raw=Syncope_Ind; missing_semantics=unexpected; configs/meuhedet/phase5_v21_schema.yaml:154; synthetic null seed26 only: class=SAFE_VERIFIED, OLD=False, ALL=True, SAFE=True; real-run eligibility/levels/columns unknown"
new_tremor_ind,binary,Linear: 1 iff finite value==1 else 0; XGB: engineered numeric value with NaN retained,numeric raw copy after type/timing checks; Linear: no numeric transform; none; XGB: no log/banding/thermometer/z-score,Linear: no median; missing encoded all-zero plus conditional NA indicator. XGB: none; native NaN,Linear: new_tremor_ind__na iff training has any nonfinite source value; constant/duplicate columns may be dropped. XGB: no added NA indicator,Linear: every surviving column z=(v-training_mean)/training_population_sd(ddof=0); sd fallback1. XGB: none,"Each inner-training fold: medians, NA schema, raw nominal levels, duplicate/constant keep-mask, mean/sd. Shared lambda grid learned on outer training incl. inner validation labels. Global eligibility already fixed.",Design refit on outer-training rows; outer holdout transform only. Final development design fit on all usable rows. Global coverage/timing/type and outcome AUROC gates precede outer folds.,LOCAL_DESIGN_YES; GLOBAL_OUTCOME_SCREEN_NO,"raw=Tremor_Ind; missing_semantics=unexpected; configs/meuhedet/phase5_v21_schema.yaml:158; synthetic null seed26 only: class=SAFE_VERIFIED, OLD=False, ALL=True, SAFE=True; real-run eligibility/levels/columns unknown"
new_cataract_ind,binary,Linear: 1 iff finite value==1 else 0; XGB: engineered numeric value with NaN retained,numeric raw copy after type/timing checks; Linear: no numeric transform; none; XGB: no log/banding/thermometer/z-score,Linear: no median; missing encoded all-zero plus conditional NA indicator. XGB: none; native NaN,Linear: new_cataract_ind__na iff training has any nonfinite source value; constant/duplicate columns may be dropped. XGB: no added NA indicator,Linear: every surviving column z=(v-training_mean)/training_population_sd(ddof=0); sd fallback1. XGB: none,"Each inner-training fold: medians, NA schema, raw nominal levels, duplicate/constant keep-mask, mean/sd. Shared lambda grid learned on outer training incl. inner validation labels. Global eligibility already fixed.",Design refit on outer-training rows; outer holdout transform only. Final development design fit on all usable rows. Global coverage/timing/type and outcome AUROC gates precede outer folds.,LOCAL_DESIGN_YES; GLOBAL_OUTCOME_SCREEN_NO,"raw=Cataract_Ind; missing_semantics=unexpected; configs/meuhedet/phase5_v21_schema.yaml:162; synthetic null seed26 only: class=SAFE_VERIFIED, OLD=False, ALL=True, SAFE=True; real-run eligibility/levels/columns unknown"
new_hearing_loss_dx_ind,binary,Linear: 1 iff finite value==1 else 0; XGB: engineered numeric value with NaN retained,numeric raw copy after type/timing checks; Linear: no numeric transform; none; XGB: no log/banding/thermometer/z-score,Linear: no median; missing encoded all-zero plus conditional NA indicator. XGB: none; native NaN,Linear: new_hearing_loss_dx_ind__na iff training has any nonfinite source value; constant/duplicate columns may be dropped. XGB: no added NA indicator,Linear: every surviving column z=(v-training_mean)/training_population_sd(ddof=0); sd fallback1. XGB: none,"Each inner-training fold: medians, NA schema, raw nominal levels, duplicate/constant keep-mask, mean/sd. Shared lambda grid learned on outer training incl. inner validation labels. Global eligibility already fixed.",Design refit on outer-training rows; outer holdout transform only. Final development design fit on all usable rows. Global coverage/timing/type and outcome AUROC gates precede outer folds.,LOCAL_DESIGN_YES; GLOBAL_OUTCOME_SCREEN_NO,"raw=Hearing_Loss_Dx_Ind; missing_semantics=unexpected; configs/meuhedet/phase5_v21_schema.yaml:166; synthetic null seed26 only: class=SAFE_VERIFIED, OLD=False, ALL=True, SAFE=True; real-run eligibility/levels/columns unknown"
new_vision_impairment_dx_ind,binary,Linear: 1 iff finite value==1 else 0; XGB: engineered numeric value with NaN retained,numeric raw copy after type/timing checks; Linear: no numeric transform; none; XGB: no log/banding/thermometer/z-score,Linear: no median; missing encoded all-zero plus conditional NA indicator. XGB: none; native NaN,Linear: new_vision_impairment_dx_ind__na iff training has any nonfinite source value; constant/duplicate columns may be dropped. XGB: no added NA indicator,Linear: every surviving column z=(v-training_mean)/training_population_sd(ddof=0); sd fallback1. XGB: none,"Each inner-training fold: medians, NA schema, raw nominal levels, duplicate/constant keep-mask, mean/sd. Shared lambda grid learned on outer training incl. inner validation labels. Global eligibility already fixed.",Design refit on outer-training rows; outer holdout transform only. Final development design fit on all usable rows. Global coverage/timing/type and outcome AUROC gates precede outer folds.,LOCAL_DESIGN_YES; GLOBAL_OUTCOME_SCREEN_NO,"raw=Vision_Impairment_Dx_Ind; missing_semantics=unexpected; configs/meuhedet/phase5_v21_schema.yaml:170; synthetic null seed26 only: class=SAFE_VERIFIED, OLD=False, ALL=True, SAFE=True; real-run eligibility/levels/columns unknown"
new_osteoporosis_ind,binary,Linear: 1 iff finite value==1 else 0; XGB: engineered numeric value with NaN retained,numeric raw copy after type/timing checks; Linear: no numeric transform; none; XGB: no log/banding/thermometer/z-score,Linear: no median; missing encoded all-zero plus conditional NA indicator. XGB: none; native NaN,Linear: new_osteoporosis_ind__na iff training has any nonfinite source value; constant/duplicate columns may be dropped. XGB: no added NA indicator,Linear: every surviving column z=(v-training_mean)/training_population_sd(ddof=0); sd fallback1. XGB: none,"Each inner-training fold: medians, NA schema, raw nominal levels, duplicate/constant keep-mask, mean/sd. Shared lambda grid learned on outer training incl. inner validation labels. Global eligibility already fixed.",Design refit on outer-training rows; outer holdout transform only. Final development design fit on all usable rows. Global coverage/timing/type and outcome AUROC gates precede outer folds.,LOCAL_DESIGN_YES; GLOBAL_OUTCOME_SCREEN_NO,"raw=Osteoporosis_Ind; missing_semantics=unexpected; configs/meuhedet/phase5_v21_schema.yaml:174; synthetic null seed26 only: class=SAFE_VERIFIED, OLD=False, ALL=True, SAFE=True; real-run eligibility/levels/columns unknown"
new_parkinsonism_ind,binary,Linear: 1 iff finite value==1 else 0; XGB: engineered numeric value with NaN retained,numeric raw copy after type/timing checks; Linear: no numeric transform; none; XGB: no log/banding/thermometer/z-score,Linear: no median; missing encoded all-zero plus conditional NA indicator. XGB: none; native NaN,Linear: new_parkinsonism_ind__na iff training has any nonfinite source value; constant/duplicate columns may be dropped. XGB: no added NA indicator,Linear: every surviving column z=(v-training_mean)/training_population_sd(ddof=0); sd fallback1. XGB: none,"Each inner-training fold: medians, NA schema, raw nominal levels, duplicate/constant keep-mask, mean/sd. Shared lambda grid learned on outer training incl. inner validation labels. Global eligibility already fixed.",Design refit on outer-training rows; outer holdout transform only. Final development design fit on all usable rows. Global coverage/timing/type and outcome AUROC gates precede outer folds.,LOCAL_DESIGN_YES; GLOBAL_OUTCOME_SCREEN_NO,"raw=Parkinsonism_Ind; missing_semantics=unexpected; configs/meuhedet/phase5_v21_schema.yaml:178; synthetic null seed26 only: class=SAFE_VERIFIED, OLD=False, ALL=True, SAFE=True; real-run eligibility/levels/columns unknown"
new_stroke_dx_ind,binary,Linear: 1 iff finite value==1 else 0; XGB: engineered numeric value with NaN retained,numeric raw copy after type/timing checks; Linear: no numeric transform; none; XGB: no log/banding/thermometer/z-score,Linear: no median; missing encoded all-zero plus conditional NA indicator. XGB: none; native NaN,Linear: new_stroke_dx_ind__na iff training has any nonfinite source value; constant/duplicate columns may be dropped. XGB: no added NA indicator,Linear: every surviving column z=(v-training_mean)/training_population_sd(ddof=0); sd fallback1. XGB: none,"Each inner-training fold: medians, NA schema, raw nominal levels, duplicate/constant keep-mask, mean/sd. Shared lambda grid learned on outer training incl. inner validation labels. Global eligibility already fixed.",Design refit on outer-training rows; outer holdout transform only. Final development design fit on all usable rows. Global coverage/timing/type and outcome AUROC gates precede outer folds.,LOCAL_DESIGN_YES; GLOBAL_OUTCOME_SCREEN_NO,"raw=Stroke_Dx_Ind; missing_semantics=unexpected; configs/meuhedet/phase5_v21_schema.yaml:183; synthetic null seed26 only: class=SAFE_VERIFIED, OLD=False, ALL=True, SAFE=True; real-run eligibility/levels/columns unknown"
new_registry_dialysis_ind,binary,Linear: 1 iff finite value==1 else 0; XGB: engineered numeric value with NaN retained,numeric raw copy after type/timing checks; Linear: no numeric transform; none; XGB: no log/banding/thermometer/z-score,Linear: no median; missing encoded all-zero plus conditional NA indicator. XGB: none; native NaN,Linear: new_registry_dialysis_ind__na iff training has any nonfinite source value; constant/duplicate columns may be dropped. XGB: no added NA indicator,Linear: every surviving column z=(v-training_mean)/training_population_sd(ddof=0); sd fallback1. XGB: none,"Each inner-training fold: medians, NA schema, raw nominal levels, duplicate/constant keep-mask, mean/sd. Shared lambda grid learned on outer training incl. inner validation labels. Global eligibility already fixed.",Design refit on outer-training rows; outer holdout transform only. Final development design fit on all usable rows. Global coverage/timing/type and outcome AUROC gates precede outer folds.,LOCAL_DESIGN_YES; GLOBAL_OUTCOME_SCREEN_NO,"raw=Registry_Dialysis_Ind; missing_semantics=unexpected; configs/meuhedet/phase5_v21_schema.yaml:295; synthetic null seed26 only: class=SAFE_ATTESTED, OLD=False, ALL=True, SAFE=True; real-run eligibility/levels/columns unknown"
new_registry_corona_ind,binary,Linear: 1 iff finite value==1 else 0; XGB: engineered numeric value with NaN retained,numeric raw copy after type/timing checks; Linear: no numeric transform; none; XGB: no log/banding/thermometer/z-score,Linear: no median; missing encoded all-zero plus conditional NA indicator. XGB: none; native NaN,Linear: new_registry_corona_ind__na iff training has any nonfinite source value; constant/duplicate columns may be dropped. XGB: no added NA indicator,Linear: every surviving column z=(v-training_mean)/training_population_sd(ddof=0); sd fallback1. XGB: none,"Each inner-training fold: medians, NA schema, raw nominal levels, duplicate/constant keep-mask, mean/sd. Shared lambda grid learned on outer training incl. inner validation labels. Global eligibility already fixed.",Design refit on outer-training rows; outer holdout transform only. Final development design fit on all usable rows. Global coverage/timing/type and outcome AUROC gates precede outer folds.,LOCAL_DESIGN_YES; GLOBAL_OUTCOME_SCREEN_NO,"raw=Registry_Corona_Ind; missing_semantics=unexpected; configs/meuhedet/phase5_v21_schema.yaml:304; synthetic null seed26 only: class=SAFE_ATTESTED, OLD=False, ALL=True, SAFE=True; real-run eligibility/levels/columns unknown"
new_registry_immunosuppressant_ind,binary,Linear: 1 iff finite value==1 else 0; XGB: engineered numeric value with NaN retained,numeric raw copy after type/timing checks; Linear: no numeric transform; none; XGB: no log/banding/thermometer/z-score,Linear: no median; missing encoded all-zero plus conditional NA indicator. XGB: none; native NaN,Linear: new_registry_immunosuppressant_ind__na iff training has any nonfinite source value; constant/duplicate columns may be dropped. XGB: no added NA indicator,Linear: every surviving column z=(v-training_mean)/training_population_sd(ddof=0); sd fallback1. XGB: none,"Each inner-training fold: medians, NA schema, raw nominal levels, duplicate/constant keep-mask, mean/sd. Shared lambda grid learned on outer training incl. inner validation labels. Global eligibility already fixed.",Design refit on outer-training rows; outer holdout transform only. Final development design fit on all usable rows. Global coverage/timing/type and outcome AUROC gates precede outer folds.,LOCAL_DESIGN_YES; GLOBAL_OUTCOME_SCREEN_NO,"raw=Registry_Immunosuppressant_Ind; missing_semantics=unexpected; configs/meuhedet/phase5_v21_schema.yaml:309; synthetic null seed26 only: class=SAFE_ATTESTED, OLD=False, ALL=True, SAFE=True; real-run eligibility/levels/columns unknown"
new_registry_smoking_ind,binary,Linear: 1 iff finite value==1 else 0; XGB: engineered numeric value with NaN retained,numeric raw copy after type/timing checks; Linear: no numeric transform; none; XGB: no log/banding/thermometer/z-score,Linear: no median; missing encoded all-zero plus conditional NA indicator. XGB: none; native NaN,Linear: new_registry_smoking_ind__na iff training has any nonfinite source value; constant/duplicate columns may be dropped. XGB: no added NA indicator,Linear: every surviving column z=(v-training_mean)/training_population_sd(ddof=0); sd fallback1. XGB: none,"Each inner-training fold: medians, NA schema, raw nominal levels, duplicate/constant keep-mask, mean/sd. Shared lambda grid learned on outer training incl. inner validation labels. Global eligibility already fixed.",Design refit on outer-training rows; outer holdout transform only. Final development design fit on all usable rows. Global coverage/timing/type and outcome AUROC gates precede outer folds.,LOCAL_DESIGN_YES; GLOBAL_OUTCOME_SCREEN_NO,"raw=Registry_Smoking_Ind; missing_semantics=unexpected; configs/meuhedet/phase5_v21_schema.yaml:323; synthetic null seed26 only: class=SAFE_ATTESTED, OLD=False, ALL=True, SAFE=True; real-run eligibility/levels/columns unknown"
new_registry_obesity_ind,binary,Linear: 1 iff finite value==1 else 0; XGB: engineered numeric value with NaN retained,numeric raw copy after type/timing checks; Linear: no numeric transform; none; XGB: no log/banding/thermometer/z-score,Linear: no median; missing encoded all-zero plus conditional NA indicator. XGB: none; native NaN,Linear: new_registry_obesity_ind__na iff training has any nonfinite source value; constant/duplicate columns may be dropped. XGB: no added NA indicator,Linear: every surviving column z=(v-training_mean)/training_population_sd(ddof=0); sd fallback1. XGB: none,"Each inner-training fold: medians, NA schema, raw nominal levels, duplicate/constant keep-mask, mean/sd. Shared lambda grid learned on outer training incl. inner validation labels. Global eligibility already fixed.",Design refit on outer-training rows; outer holdout transform only. Final development design fit on all usable rows. Global coverage/timing/type and outcome AUROC gates precede outer folds.,LOCAL_DESIGN_YES; GLOBAL_OUTCOME_SCREEN_NO,"raw=Registry_Obesity_Ind; missing_semantics=unexpected; configs/meuhedet/phase5_v21_schema.yaml:327; synthetic null seed26 only: class=SAFE_ATTESTED, OLD=False, ALL=True, SAFE=True; real-run eligibility/levels/columns unknown"
new_registry_oncology_ind,binary,Linear: 1 iff finite value==1 else 0; XGB: engineered numeric value with NaN retained,numeric raw copy after type/timing checks; Linear: no numeric transform; none; XGB: no log/banding/thermometer/z-score,Linear: no median; missing encoded all-zero plus conditional NA indicator. XGB: none; native NaN,Linear: new_registry_oncology_ind__na iff training has any nonfinite source value; constant/duplicate columns may be dropped. XGB: no added NA indicator,Linear: every surviving column z=(v-training_mean)/training_population_sd(ddof=0); sd fallback1. XGB: none,"Each inner-training fold: medians, NA schema, raw nominal levels, duplicate/constant keep-mask, mean/sd. Shared lambda grid learned on outer training incl. inner validation labels. Global eligibility already fixed.",Design refit on outer-training rows; outer holdout transform only. Final development design fit on all usable rows. Global coverage/timing/type and outcome AUROC gates precede outer folds.,LOCAL_DESIGN_YES; GLOBAL_OUTCOME_SCREEN_NO,"raw=Registry_Oncology_Ind; missing_semantics=unexpected; configs/meuhedet/phase5_v21_schema.yaml:331; synthetic null seed26 only: class=SAFE_ATTESTED, OLD=False, ALL=True, SAFE=True; real-run eligibility/levels/columns unknown"
new_registry_ibd_ind,binary,Linear: 1 iff finite value==1 else 0; XGB: engineered numeric value with NaN retained,numeric raw copy after type/timing checks; Linear: no numeric transform; none; XGB: no log/banding/thermometer/z-score,Linear: no median; missing encoded all-zero plus conditional NA indicator. XGB: none; native NaN,Linear: new_registry_ibd_ind__na iff training has any nonfinite source value; constant/duplicate columns may be dropped. XGB: no added NA indicator,Linear: every surviving column z=(v-training_mean)/training_population_sd(ddof=0); sd fallback1. XGB: none,"Each inner-training fold: medians, NA schema, raw nominal levels, duplicate/constant keep-mask, mean/sd. Shared lambda grid learned on outer training incl. inner validation labels. Global eligibility already fixed.",Design refit on outer-training rows; outer holdout transform only. Final development design fit on all usable rows. Global coverage/timing/type and outcome AUROC gates precede outer folds.,LOCAL_DESIGN_YES; GLOBAL_OUTCOME_SCREEN_NO,"raw=Registry_IBD_Ind; missing_semantics=unexpected; configs/meuhedet/phase5_v21_schema.yaml:335; synthetic null seed26 only: class=SAFE_ATTESTED, OLD=False, ALL=True, SAFE=True; real-run eligibility/levels/columns unknown"
new_registry_opiate_ind,binary,Linear: 1 iff finite value==1 else 0; XGB: engineered numeric value with NaN retained,numeric raw copy after type/timing checks; Linear: no numeric transform; none; XGB: no log/banding/thermometer/z-score,Linear: no median; missing encoded all-zero plus conditional NA indicator. XGB: none; native NaN,Linear: new_registry_opiate_ind__na iff training has any nonfinite source value; constant/duplicate columns may be dropped. XGB: no added NA indicator,Linear: every surviving column z=(v-training_mean)/training_population_sd(ddof=0); sd fallback1. XGB: none,"Each inner-training fold: medians, NA schema, raw nominal levels, duplicate/constant keep-mask, mean/sd. Shared lambda grid learned on outer training incl. inner validation labels. Global eligibility already fixed.",Design refit on outer-training rows; outer holdout transform only. Final development design fit on all usable rows. Global coverage/timing/type and outcome AUROC gates precede outer folds.,LOCAL_DESIGN_YES; GLOBAL_OUTCOME_SCREEN_NO,"raw=Registry_Opiate_Ind; missing_semantics=unexpected; configs/meuhedet/phase5_v21_schema.yaml:339; synthetic null seed26 only: class=SAFE_ATTESTED, OLD=False, ALL=True, SAFE=True; real-run eligibility/levels/columns unknown"
new_registry_severe_function_ind,binary,Linear: 1 iff finite value==1 else 0; XGB: engineered numeric value with NaN retained,numeric raw copy after type/timing checks; Linear: no numeric transform; none; XGB: no log/banding/thermometer/z-score,Linear: no median; missing encoded all-zero plus conditional NA indicator. XGB: none; native NaN,Linear: new_registry_severe_function_ind__na iff training has any nonfinite source value; constant/duplicate columns may be dropped. XGB: no added NA indicator,Linear: every surviving column z=(v-training_mean)/training_population_sd(ddof=0); sd fallback1. XGB: none,"Each inner-training fold: medians, NA schema, raw nominal levels, duplicate/constant keep-mask, mean/sd. Shared lambda grid learned on outer training incl. inner validation labels. Global eligibility already fixed.",Design refit on outer-training rows; outer holdout transform only. Final development design fit on all usable rows. Global coverage/timing/type and outcome AUROC gates precede outer folds.,LOCAL_DESIGN_YES; GLOBAL_OUTCOME_SCREEN_NO,"raw=Registry_Severe_Function_Ind; missing_semantics=unexpected; configs/meuhedet/phase5_v21_schema.yaml:343; synthetic null seed26 only: class=SAFE_ATTESTED, OLD=False, ALL=True, SAFE=True; real-run eligibility/levels/columns unknown"
new_registry_smoking_subcode,categorical,Linear: training numeric levels seen >=10; sorted lowest retained level reference; rare/unseen finite levels all zero. XGB: raw numeric code (no declared levels),numeric raw copy after type/timing checks; Linear: no numeric transform; onehot; XGB: no log/banding/thermometer/z-score,Linear: no median; missing encoded all-zero plus conditional NA indicator. XGB: none; native NaN,Linear: new_registry_smoking_subcode__na iff training has any nonfinite source value; constant/duplicate columns may be dropped. XGB: no added NA indicator,Linear: every surviving column z=(v-training_mean)/training_population_sd(ddof=0); sd fallback1. XGB: none,"Each inner-training fold: medians, NA schema, raw nominal levels, duplicate/constant keep-mask, mean/sd. Shared lambda grid learned on outer training incl. inner validation labels. Global eligibility already fixed.",Design refit on outer-training rows; outer holdout transform only. Final development design fit on all usable rows. Global coverage/timing/type and outcome AUROC gates precede outer folds.,LOCAL_DESIGN_YES; GLOBAL_OUTCOME_SCREEN_NO,"raw=Registry_Smoking_SubCode; missing_semantics=no_event; configs/meuhedet/phase5_v21_schema.yaml:347; synthetic null seed26 only: class=SAFE_ATTESTED, OLD=False, ALL=True, SAFE=False; real-run eligibility/levels/columns unknown; UNVALIDATED_CODES: ALL-only; numeric XGB imposes ordered splits; no clinical label dictionary"
new_registry_obesity_subcode,categorical,Linear: training numeric levels seen >=10; sorted lowest retained level reference; rare/unseen finite levels all zero. XGB: raw numeric code (no declared levels),numeric raw copy after type/timing checks; Linear: no numeric transform; onehot; XGB: no log/banding/thermometer/z-score,Linear: no median; missing encoded all-zero plus conditional NA indicator. XGB: none; native NaN,Linear: new_registry_obesity_subcode__na iff training has any nonfinite source value; constant/duplicate columns may be dropped. XGB: no added NA indicator,Linear: every surviving column z=(v-training_mean)/training_population_sd(ddof=0); sd fallback1. XGB: none,"Each inner-training fold: medians, NA schema, raw nominal levels, duplicate/constant keep-mask, mean/sd. Shared lambda grid learned on outer training incl. inner validation labels. Global eligibility already fixed.",Design refit on outer-training rows; outer holdout transform only. Final development design fit on all usable rows. Global coverage/timing/type and outcome AUROC gates precede outer folds.,LOCAL_DESIGN_YES; GLOBAL_OUTCOME_SCREEN_NO,"raw=Registry_Obesity_SubCode; missing_semantics=no_event; configs/meuhedet/phase5_v21_schema.yaml:351; synthetic null seed26 only: class=SAFE_ATTESTED, OLD=False, ALL=True, SAFE=False; real-run eligibility/levels/columns unknown; UNVALIDATED_CODES: ALL-only; numeric XGB imposes ordered splits; no clinical label dictionary"
new_deficit_count_proxy,count,Linear and XGB: single numeric column,"numeric raw copy after type/timing checks; Linear: log(1+max(x,0)); XGB: no log/banding/thermometer/z-score",Linear: median of finite transformed inner/outer training values; all-missing fallback 0. XGB: none; native NaN,Linear: new_deficit_count_proxy__na iff training has any nonfinite source value; constant/duplicate columns may be dropped. XGB: no added NA indicator,Linear: every surviving column z=(v-training_mean)/training_population_sd(ddof=0); sd fallback1. XGB: none,"Each inner-training fold: medians, NA schema, raw nominal levels, duplicate/constant keep-mask, mean/sd. Shared lambda grid learned on outer training incl. inner validation labels. Global eligibility already fixed.",Design refit on outer-training rows; outer holdout transform only. Final development design fit on all usable rows. Global coverage/timing/type and outcome AUROC gates precede outer folds.,LOCAL_DESIGN_YES; GLOBAL_OUTCOME_SCREEN_NO,"raw=Deficit_Count_Proxy; missing_semantics=unexpected; configs/meuhedet/phase5_v21_schema.yaml:355; synthetic null seed26 only: class=UNCERTAIN_TIMING, OLD=False, ALL=True, SAFE=False; real-run eligibility/levels/columns unknown"
